/*
Navicat MySQL Data Transfer

Source Server         : localhost
Source Server Version : 50710
Source Host           : localhost:3306
Source Database       : chenxi

Target Server Type    : MYSQL
Target Server Version : 50710
File Encoding         : 65001

Date: 2016-04-23 17:26:44
*/

SET FOREIGN_KEY_CHECKS=0;

-- ----------------------------
-- Table structure for nutrition
-- ----------------------------
DROP TABLE IF EXISTS `nutrition`;
CREATE TABLE `nutrition` (
  `id` int(11) NOT NULL,
  `name` varchar(32) NOT NULL,
  `energy` varchar(32) NOT NULL
) ENGINE=InnoDB DEFAULT CHARSET=utf8;

-- ----------------------------
-- Records of nutrition
-- ----------------------------
INSERT INTO `nutrition` VALUES ('1', '大黄米（黍）', '349');
INSERT INTO `nutrition` VALUES ('2', '大麦（元麦）', '307');
INSERT INTO `nutrition` VALUES ('3', '稻谷（早籼）', '359');
INSERT INTO `nutrition` VALUES ('4', '稻米（大米）', '346');
INSERT INTO `nutrition` VALUES ('5', '稻米（粳，特级）', '334');
INSERT INTO `nutrition` VALUES ('6', '稻米（粳，标一）', '343');
INSERT INTO `nutrition` VALUES ('7', '稻米（粳，标二）', '348');
INSERT INTO `nutrition` VALUES ('8', '稻米（粳，标三）', '345');
INSERT INTO `nutrition` VALUES ('9', '稻米（粳，标四）', '346');
INSERT INTO `nutrition` VALUES ('10', '稻米（早籼，特等）', '346');
INSERT INTO `nutrition` VALUES ('11', '稻米（早籼，标一）', '351');
INSERT INTO `nutrition` VALUES ('12', '稻米（早籼，标二）', '345');
INSERT INTO `nutrition` VALUES ('13', '稻米（晚籼，特）', '342');
INSERT INTO `nutrition` VALUES ('14', '稻米（晚籼，标一）', '345');
INSERT INTO `nutrition` VALUES ('15', '稻米（晚籼，标二）', '343');
INSERT INTO `nutrition` VALUES ('16', '稻米（籼）', '347');
INSERT INTO `nutrition` VALUES ('17', '稻米（优标）', '349');
INSERT INTO `nutrition` VALUES ('18', '稻米（籼，标一）', '346');
INSERT INTO `nutrition` VALUES ('19', '稻谷（红）', '344');
INSERT INTO `nutrition` VALUES ('20', '稻米（香大米）', '346');
INSERT INTO `nutrition` VALUES ('21', '方便面', '472');
INSERT INTO `nutrition` VALUES ('22', '麸皮', '220');
INSERT INTO `nutrition` VALUES ('23', '高粱米', '351');
INSERT INTO `nutrition` VALUES ('24', '挂面（赖氨酸）', '347');
INSERT INTO `nutrition` VALUES ('25', '挂面（标准粉）', '344');
INSERT INTO `nutrition` VALUES ('26', '挂面（精白粉）', '347');
INSERT INTO `nutrition` VALUES ('27', '谷子（龙谷）', '383');
INSERT INTO `nutrition` VALUES ('28', '黑米（稻米（紫））', '333');
INSERT INTO `nutrition` VALUES ('29', '花卷', '217');
INSERT INTO `nutrition` VALUES ('30', '黄米', '342');
INSERT INTO `nutrition` VALUES ('31', '煎饼', '333');
INSERT INTO `nutrition` VALUES ('32', '烤麸', '121');
INSERT INTO `nutrition` VALUES ('33', '苦荞麦粉', '304');
INSERT INTO `nutrition` VALUES ('34', '烙饼（标准粉）', '255');
INSERT INTO `nutrition` VALUES ('35', '馒头（蒸，标粉）', '233');
INSERT INTO `nutrition` VALUES ('36', '馒头（蒸，富强粉）', '208');
INSERT INTO `nutrition` VALUES ('37', '面筋（水）（水面筋）', '140');
INSERT INTO `nutrition` VALUES ('38', '面筋（油）（油面筋）', '490');
INSERT INTO `nutrition` VALUES ('39', '面条（富强粉）（切面）', '285');
INSERT INTO `nutrition` VALUES ('40', '面条（干）', '355');
INSERT INTO `nutrition` VALUES ('41', '面条（煮，富强粉）', '109');
INSERT INTO `nutrition` VALUES ('42', '面条（虾蓉面）', '429');
INSERT INTO `nutrition` VALUES ('43', '面条（标准粉）（切面）', '280');
INSERT INTO `nutrition` VALUES ('44', '米饭（蒸，籼米）', '114');
INSERT INTO `nutrition` VALUES ('45', '米饭（蒸，粳米）', '117');
INSERT INTO `nutrition` VALUES ('46', '米粉（干，细）', '346');
INSERT INTO `nutrition` VALUES ('47', '米粉（排米粉）', '355');
INSERT INTO `nutrition` VALUES ('48', '米粥（粳米）', '46');
INSERT INTO `nutrition` VALUES ('49', '糜子（带皮）', '348');
INSERT INTO `nutrition` VALUES ('50', '糜子米（炒米）', '374');
INSERT INTO `nutrition` VALUES ('51', '糯米（优糯米）', '344');
INSERT INTO `nutrition` VALUES ('52', '糯米（粳糯）', '343');
INSERT INTO `nutrition` VALUES ('53', '糯米（江米）', '348');
INSERT INTO `nutrition` VALUES ('54', '糯米（籼）', '352');
INSERT INTO `nutrition` VALUES ('55', '糯谷（早糯）', '344');
INSERT INTO `nutrition` VALUES ('56', '糯米（紫红，血糯米）', '343');
INSERT INTO `nutrition` VALUES ('57', '荞麦', '324');
INSERT INTO `nutrition` VALUES ('58', '青稞', '298');
INSERT INTO `nutrition` VALUES ('59', '烧饼（糖）', '302');
INSERT INTO `nutrition` VALUES ('60', '沙子面', '362');
INSERT INTO `nutrition` VALUES ('61', '通心面（通心粉）', '350');
INSERT INTO `nutrition` VALUES ('62', '五谷香', '377');
INSERT INTO `nutrition` VALUES ('63', '小麦（龙麦）', '352');
INSERT INTO `nutrition` VALUES ('64', '小麦粉（特二粉）', '349');
INSERT INTO `nutrition` VALUES ('65', '小麦粉（标准粉）', '344');
INSERT INTO `nutrition` VALUES ('66', '小麦粉（特一，精粉）', '350');
INSERT INTO `nutrition` VALUES ('67', '小麦胚粉', '392');
INSERT INTO `nutrition` VALUES ('68', '小米', '358');
INSERT INTO `nutrition` VALUES ('69', '小米粥', '46');
INSERT INTO `nutrition` VALUES ('70', '燕麦片', '367');
INSERT INTO `nutrition` VALUES ('71', '薏米（薏苡回回米）', '357');
INSERT INTO `nutrition` VALUES ('72', '油饼', '399');
INSERT INTO `nutrition` VALUES ('73', '莜麦面', '385');
INSERT INTO `nutrition` VALUES ('74', '油条', '386');
INSERT INTO `nutrition` VALUES ('75', '玉米（白，包谷）', '336');
INSERT INTO `nutrition` VALUES ('76', '玉米（黄，包谷）', '335');
INSERT INTO `nutrition` VALUES ('77', '玉米（鲜，包谷）', '106');
INSERT INTO `nutrition` VALUES ('78', '玉米罐头（玉米笋）', '4');
INSERT INTO `nutrition` VALUES ('79', '玉米面（白）', '340');
INSERT INTO `nutrition` VALUES ('80', '玉米面（黄）', '340');
INSERT INTO `nutrition` VALUES ('81', '玉米面（黄豆玉米面）', '339');
INSERT INTO `nutrition` VALUES ('82', '玉米糁（黄）', '347');
INSERT INTO `nutrition` VALUES ('83', '玉米粥（即食）', '390');
INSERT INTO `nutrition` VALUES ('84', '糍粑（稞麦（熟品））', '257');
INSERT INTO `nutrition` VALUES ('85', '扁豆', '326');
INSERT INTO `nutrition` VALUES ('86', '扁豆（白）', '256');
INSERT INTO `nutrition` VALUES ('87', '蚕豆（去皮）', '304');
INSERT INTO `nutrition` VALUES ('88', '蚕豆（带皮）', '342');
INSERT INTO `nutrition` VALUES ('89', '臭干', '99');
INSERT INTO `nutrition` VALUES ('90', '豆粕', '310');
INSERT INTO `nutrition` VALUES ('91', '豆腐', '81');
INSERT INTO `nutrition` VALUES ('92', '豆腐（内酯豆腐）', '49');
INSERT INTO `nutrition` VALUES ('93', '豆腐（南豆腐）', '57');
INSERT INTO `nutrition` VALUES ('94', '豆腐（北）', '98');
INSERT INTO `nutrition` VALUES ('95', '豆腐干', '140');
INSERT INTO `nutrition` VALUES ('96', '豆腐干（香干）', '147');
INSERT INTO `nutrition` VALUES ('97', '豆腐干（菜干）', '136');
INSERT INTO `nutrition` VALUES ('98', '豆腐干（酱油干）', '158');
INSERT INTO `nutrition` VALUES ('99', '豆腐干（小香干）', '174');
INSERT INTO `nutrition` VALUES ('100', '豆腐干（熏干）', '153');
INSERT INTO `nutrition` VALUES ('101', '豆腐花', '401');
INSERT INTO `nutrition` VALUES ('102', '豆腐卷（豆制五香卷）', '200');
INSERT INTO `nutrition` VALUES ('103', '豆腐卷', '201');
INSERT INTO `nutrition` VALUES ('104', '豆腐脑（老豆腐）', '10');
INSERT INTO `nutrition` VALUES ('105', '豆腐皮', '409');
INSERT INTO `nutrition` VALUES ('106', '豆腐丝', '201');
INSERT INTO `nutrition` VALUES ('107', '豆腐丝（干）', '451');
INSERT INTO `nutrition` VALUES ('108', '豆腐丝（油）', '300');
INSERT INTO `nutrition` VALUES ('109', '豆腐渣', '35');
INSERT INTO `nutrition` VALUES ('110', '豆肝尖', '192');
INSERT INTO `nutrition` VALUES ('111', '豆浆', '13');
INSERT INTO `nutrition` VALUES ('112', '豆浆粉', '422');
INSERT INTO `nutrition` VALUES ('113', '豆奶', '30');
INSERT INTO `nutrition` VALUES ('114', '豆沙', '243');
INSERT INTO `nutrition` VALUES ('115', '腐乳（白）', '133');
INSERT INTO `nutrition` VALUES ('116', '腐乳（臭，臭豆腐）', '130');
INSERT INTO `nutrition` VALUES ('117', '腐乳（桂林腐乳）', '204');
INSERT INTO `nutrition` VALUES ('118', '腐乳（红，酱豆腐）', '151');
INSERT INTO `nutrition` VALUES ('119', '腐乳（上海南乳）', '138');
INSERT INTO `nutrition` VALUES ('120', '腐乳（糟豆腐乳，糟乳）', '158');
INSERT INTO `nutrition` VALUES ('121', '腐竹', '459');
INSERT INTO `nutrition` VALUES ('122', '腐竹皮', '489');
INSERT INTO `nutrition` VALUES ('123', '高蛋白豆米粉', '414');
INSERT INTO `nutrition` VALUES ('124', '黑豆（黑大豆）', '381');
INSERT INTO `nutrition` VALUES ('125', '红豆馅', '240');
INSERT INTO `nutrition` VALUES ('126', '花豆（红）', '317');
INSERT INTO `nutrition` VALUES ('127', '花豆（紫）', '315');
INSERT INTO `nutrition` VALUES ('128', '黄豆（大豆）', '359');
INSERT INTO `nutrition` VALUES ('129', '黄豆粉', '418');
INSERT INTO `nutrition` VALUES ('130', '豇豆（紫）', '315');
INSERT INTO `nutrition` VALUES ('131', '豇豆', '322');
INSERT INTO `nutrition` VALUES ('132', '绿豆', '316');
INSERT INTO `nutrition` VALUES ('133', '绿豆饼（饼折）', '122');
INSERT INTO `nutrition` VALUES ('134', '绿豆面', '330');
INSERT INTO `nutrition` VALUES ('135', '卤干', '336');
INSERT INTO `nutrition` VALUES ('136', '眉豆（饭豇豆）', '320');
INSERT INTO `nutrition` VALUES ('137', '脑豆', '360');
INSERT INTO `nutrition` VALUES ('138', '膨化豆粕（大豆蛋白）', '321');
INSERT INTO `nutrition` VALUES ('139', '蒲包干', '135');
INSERT INTO `nutrition` VALUES ('140', '千张（百页）', '260');
INSERT INTO `nutrition` VALUES ('141', '青豆（青大豆）', '373');
INSERT INTO `nutrition` VALUES ('142', '酸豆乳', '67');
INSERT INTO `nutrition` VALUES ('143', '素大肠', '153');
INSERT INTO `nutrition` VALUES ('144', '素火腿', '211');
INSERT INTO `nutrition` VALUES ('145', '素鸡', '192');
INSERT INTO `nutrition` VALUES ('146', '素虾（炸）', '576');
INSERT INTO `nutrition` VALUES ('147', '素鸡丝卷', '186');
INSERT INTO `nutrition` VALUES ('148', '素什锦', '173');
INSERT INTO `nutrition` VALUES ('149', '酥香兰花豆', '416');
INSERT INTO `nutrition` VALUES ('150', '豌豆', '313');
INSERT INTO `nutrition` VALUES ('151', '豌豆（花）', '322');
INSERT INTO `nutrition` VALUES ('152', '小豆（红，红小豆）', '309');
INSERT INTO `nutrition` VALUES ('153', '油豆腐（豆腐泡）', '244');
INSERT INTO `nutrition` VALUES ('154', '油炸豆瓣', '405');
INSERT INTO `nutrition` VALUES ('155', '油炸豆花', '400');
INSERT INTO `nutrition` VALUES ('156', '芸豆（白）', '296');
INSERT INTO `nutrition` VALUES ('157', '芸豆（红）', '314');
INSERT INTO `nutrition` VALUES ('158', '芸豆（虎皮）', '334');
INSERT INTO `nutrition` VALUES ('159', '芸豆（杂，带皮）', '306');
INSERT INTO `nutrition` VALUES ('160', '杂豆', '316');
INSERT INTO `nutrition` VALUES ('161', '枝竹', '472');
INSERT INTO `nutrition` VALUES ('162', '扁豆（鲜）', '37');
INSERT INTO `nutrition` VALUES ('163', '蚕豆（鲜）', '104');
INSERT INTO `nutrition` VALUES ('164', '刀豆', '35');
INSERT INTO `nutrition` VALUES ('165', '豆角', '30');
INSERT INTO `nutrition` VALUES ('166', '豆角（白）', '30');
INSERT INTO `nutrition` VALUES ('167', '发芽豆', '128');
INSERT INTO `nutrition` VALUES ('168', '荷兰豆', '27');
INSERT INTO `nutrition` VALUES ('169', '黄豆芽', '44');
INSERT INTO `nutrition` VALUES ('170', '豇豆（鲜）', '29');
INSERT INTO `nutrition` VALUES ('171', '豇豆（鲜，长）', '29');
INSERT INTO `nutrition` VALUES ('172', '绿豆芽', '18');
INSERT INTO `nutrition` VALUES ('173', '垅船豆', '34');
INSERT INTO `nutrition` VALUES ('174', '龙豆', '32');
INSERT INTO `nutrition` VALUES ('175', '龙牙豆（玉豆）', '17');
INSERT INTO `nutrition` VALUES ('176', '毛豆（青豆）', '123');
INSERT INTO `nutrition` VALUES ('177', '四季豆（菜豆）', '28');
INSERT INTO `nutrition` VALUES ('178', '豌豆（鲜）', '105');
INSERT INTO `nutrition` VALUES ('179', '豌豆苗', '29');
INSERT INTO `nutrition` VALUES ('180', '油豆角（多花菜豆）', '22');
INSERT INTO `nutrition` VALUES ('181', '芸豆（鲜）', '25');
INSERT INTO `nutrition` VALUES ('182', '百合', '162');
INSERT INTO `nutrition` VALUES ('183', '百合（干）', '342');
INSERT INTO `nutrition` VALUES ('184', '百合（脱水）', '343');
INSERT INTO `nutrition` VALUES ('185', '荸荠（马蹄，地栗）', '59');
INSERT INTO `nutrition` VALUES ('186', '慈菇（乌芋白地果）', '94');
INSERT INTO `nutrition` VALUES ('187', '甘薯（红心，山芋红薯）', '99');
INSERT INTO `nutrition` VALUES ('188', '甘薯（白心，红皮山芋）', '104');
INSERT INTO `nutrition` VALUES ('189', '甘薯粉（地瓜粉）', '336');
INSERT INTO `nutrition` VALUES ('190', '甘薯片（白薯干）', '340');
INSERT INTO `nutrition` VALUES ('191', '胡萝卜（红）', '37');
INSERT INTO `nutrition` VALUES ('192', '胡萝卜（黄）', '43');
INSERT INTO `nutrition` VALUES ('193', '胡萝卜（脱水）', '320');
INSERT INTO `nutrition` VALUES ('194', '茭笋', '25');
INSERT INTO `nutrition` VALUES ('195', '姜', '41');
INSERT INTO `nutrition` VALUES ('196', '姜（干）', '273');
INSERT INTO `nutrition` VALUES ('197', '姜（子姜，嫩姜）', '19');
INSERT INTO `nutrition` VALUES ('198', '芥菜头（大头菜水芥）', '33');
INSERT INTO `nutrition` VALUES ('199', '洋姜（洋生姜，菊芋）', '56');
INSERT INTO `nutrition` VALUES ('200', '玉兰片', '43');
INSERT INTO `nutrition` VALUES ('201', '芋头（芋艿，毛芋）', '79');
INSERT INTO `nutrition` VALUES ('202', '竹笋', '19');
INSERT INTO `nutrition` VALUES ('203', '竹笋（白笋，干）', '196');
INSERT INTO `nutrition` VALUES ('204', '竹笋（鞭笋，马鞭笋）', '11');
INSERT INTO `nutrition` VALUES ('205', '竹笋（春笋）', '20');
INSERT INTO `nutrition` VALUES ('206', '竹笋（黑笋，干）', '213');
INSERT INTO `nutrition` VALUES ('207', '竹笋（毛笋，毛竹笋）', '21');
INSERT INTO `nutrition` VALUES ('208', '白菜（脱水）', '286');
INSERT INTO `nutrition` VALUES ('209', '白菜（大白菜）', '21');
INSERT INTO `nutrition` VALUES ('210', '白菜苔（菜苔菜心）', '25');
INSERT INTO `nutrition` VALUES ('211', '菠菜（赤根菜）', '24');
INSERT INTO `nutrition` VALUES ('212', '菠菜（脱水）', '283');
INSERT INTO `nutrition` VALUES ('213', '菜花（花椰菜）', '24');
INSERT INTO `nutrition` VALUES ('214', '菜花（脱水）', '286');
INSERT INTO `nutrition` VALUES ('215', '菜节（油菜苔，油菜心）', '20');
INSERT INTO `nutrition` VALUES ('216', '莼菜（瓶装，花案板）', '20');
INSERT INTO `nutrition` VALUES ('217', '葱茎（脱水）', '303');
INSERT INTO `nutrition` VALUES ('218', '葱头（洋葱）', '39');
INSERT INTO `nutrition` VALUES ('219', '葱头（白皮，脱水）', '330');
INSERT INTO `nutrition` VALUES ('220', '葱头（紫皮，脱水）', '324');
INSERT INTO `nutrition` VALUES ('221', '大白菜（青白口）', '15');
INSERT INTO `nutrition` VALUES ('222', '榨菜', '29');
INSERT INTO `nutrition` VALUES ('223', '草菇（大黑头细花草）', '23');
INSERT INTO `nutrition` VALUES ('224', '大红菇（草质红菇）', '200');
INSERT INTO `nutrition` VALUES ('225', '地衣（水浸）', '3');
INSERT INTO `nutrition` VALUES ('226', '冬菇（干，毛柄金线菌）', '212');
INSERT INTO `nutrition` VALUES ('227', '发菜', '246');
INSERT INTO `nutrition` VALUES ('228', '海带（干，江白菜，昆布）', '77');
INSERT INTO `nutrition` VALUES ('229', '海带（鲜，江白菜，昆布）', '17');
INSERT INTO `nutrition` VALUES ('230', '海冻菜（石花菜，冻菜）', '314');
INSERT INTO `nutrition` VALUES ('231', '猴头菇（罐装）', '13');
INSERT INTO `nutrition` VALUES ('232', '黄蘑', '166');
INSERT INTO `nutrition` VALUES ('233', '金针菇（智力菇）', '26');
INSERT INTO `nutrition` VALUES ('234', '金针菇（罐装）', '21');
INSERT INTO `nutrition` VALUES ('235', '口蘑（白蘑）', '242');
INSERT INTO `nutrition` VALUES ('236', '蘑菇（干）', '252');
INSERT INTO `nutrition` VALUES ('237', '蘑菇（鲜，鲜蘑）', '20');
INSERT INTO `nutrition` VALUES ('238', '木耳（黑木耳，云耳）', '205');
INSERT INTO `nutrition` VALUES ('239', '木耳（水发，黑木耳，云耳）', '21');
INSERT INTO `nutrition` VALUES ('240', '平菇（鲜，糙皮）', '20');
INSERT INTO `nutrition` VALUES ('241', '普大香杏丁蘑', '207');
INSERT INTO `nutrition` VALUES ('242', '普中红蘑', '214');
INSERT INTO `nutrition` VALUES ('243', '琼脂（紫菜胶）', '311');
INSERT INTO `nutrition` VALUES ('244', '双孢蘑菇（洋蘑菇）', '22');
INSERT INTO `nutrition` VALUES ('245', '松蘑（松口蘑，松茸）', '112');
INSERT INTO `nutrition` VALUES ('246', '苔菜（苔条条浒苔）', '148');
INSERT INTO `nutrition` VALUES ('247', '香菇（干，香蕈，冬菇）', '211');
INSERT INTO `nutrition` VALUES ('248', '香菇（鲜，香蕈，冬菇）', '19');
INSERT INTO `nutrition` VALUES ('249', '香杏片口蘑', '207');
INSERT INTO `nutrition` VALUES ('250', '羊肚菌（干,狼肚）', '295');
INSERT INTO `nutrition` VALUES ('251', '银耳（白木耳）', '200');
INSERT INTO `nutrition` VALUES ('252', '榛蘑（假蜜环菌）', '157');
INSERT INTO `nutrition` VALUES ('253', '珍珠白蘑', '212');
INSERT INTO `nutrition` VALUES ('254', '紫菜', '207');
INSERT INTO `nutrition` VALUES ('255', '芭蕉（甘蕉，板蕉，牙蕉）', '109');
INSERT INTO `nutrition` VALUES ('256', '菠萝（凤梨，地菠萝）', '41');
INSERT INTO `nutrition` VALUES ('257', '菠萝蜜肉', '103');
INSERT INTO `nutrition` VALUES ('258', '菠萝蜜子', '160');
INSERT INTO `nutrition` VALUES ('259', '草莓', '30');
INSERT INTO `nutrition` VALUES ('260', '草莓酱', '269');
INSERT INTO `nutrition` VALUES ('261', '橙', '47');
INSERT INTO `nutrition` VALUES ('262', '吊蛋', '56');
INSERT INTO `nutrition` VALUES ('263', '番石榴（鸡矢果，番桃）', '41');
INSERT INTO `nutrition` VALUES ('264', '柑', '51');
INSERT INTO `nutrition` VALUES ('265', '橄榄（白榄）', '49');
INSERT INTO `nutrition` VALUES ('266', '甘蔗汁', '64');
INSERT INTO `nutrition` VALUES ('267', '桂圆（鲜）', '70');
INSERT INTO `nutrition` VALUES ('268', '桂圆（干，龙眼，圆眼）', '273');
INSERT INTO `nutrition` VALUES ('269', '桂圆肉', '313');
INSERT INTO `nutrition` VALUES ('270', '果丹皮', '321');
INSERT INTO `nutrition` VALUES ('271', '海棠果', '73');
INSERT INTO `nutrition` VALUES ('272', '海棠脯', '286');
INSERT INTO `nutrition` VALUES ('273', '海棠罐头', '53');
INSERT INTO `nutrition` VALUES ('274', '黑枣（无核，乌枣，软枣）', '228');
INSERT INTO `nutrition` VALUES ('275', '红果（山里红，大山楂）', '95');
INSERT INTO `nutrition` VALUES ('276', '红果（干）', '152');
INSERT INTO `nutrition` VALUES ('277', '黄皮果（黄皮）', '31');
INSERT INTO `nutrition` VALUES ('278', '金糕', '176');
INSERT INTO `nutrition` VALUES ('279', '金糕条', '300');
INSERT INTO `nutrition` VALUES ('280', '金桔（金枣）', '55');
INSERT INTO `nutrition` VALUES ('281', '桔柑子（宽皮桂）', '43');
INSERT INTO `nutrition` VALUES ('282', '桔（福桔）', '45');
INSERT INTO `nutrition` VALUES ('283', '桔（芦柑）', '43');
INSERT INTO `nutrition` VALUES ('284', '桔（三湖红桔）', '41');
INSERT INTO `nutrition` VALUES ('285', '桔（四川红桔）', '40');
INSERT INTO `nutrition` VALUES ('286', '桔（小叶桔）', '38');
INSERT INTO `nutrition` VALUES ('287', '桔（早桔）', '57');
INSERT INTO `nutrition` VALUES ('288', '桔（蜜桔）', '42');
INSERT INTO `nutrition` VALUES ('289', '桔饼', '364');
INSERT INTO `nutrition` VALUES ('290', '李（玉皇李）', '36');
INSERT INTO `nutrition` VALUES ('291', '梨', '32');
INSERT INTO `nutrition` VALUES ('292', '梨（巴梨）', '46');
INSERT INTO `nutrition` VALUES ('293', '梨（冬果梨）', '37');
INSERT INTO `nutrition` VALUES ('294', '梨（鹅黄梨）', '37');
INSERT INTO `nutrition` VALUES ('295', '梨（早酥梨）', '43');
INSERT INTO `nutrition` VALUES ('296', '梨（红肖梨）', '30');
INSERT INTO `nutrition` VALUES ('297', '梨（锦丰梨）', '44');
INSERT INTO `nutrition` VALUES ('298', '梨（京白梨）', '54');
INSERT INTO `nutrition` VALUES ('299', '梨（库尔勒梨）', '28');
INSERT INTO `nutrition` VALUES ('300', '梨（莱阳梨）', '49');
INSERT INTO `nutrition` VALUES ('301', '梨（砺山梨）', '48');
INSERT INTO `nutrition` VALUES ('302', '梨（马蹄黄梨）', '47');
INSERT INTO `nutrition` VALUES ('303', '梨（明月梨）', '53');
INSERT INTO `nutrition` VALUES ('304', '梨（木梨）', '28');
INSERT INTO `nutrition` VALUES ('305', '梨（苹果梨）', '48');
INSERT INTO `nutrition` VALUES ('306', '梨（软梨）', '14');
INSERT INTO `nutrition` VALUES ('307', '梨（苏木梨）', '48');
INSERT INTO `nutrition` VALUES ('308', '梨（酥梨）', '43');
INSERT INTO `nutrition` VALUES ('309', '梨（酸梨）', '26');
INSERT INTO `nutrition` VALUES ('310', '梨（香梨）', '46');
INSERT INTO `nutrition` VALUES ('311', '梨（雪花梨）', '41');
INSERT INTO `nutrition` VALUES ('312', '梨（鸭梨）', '43');
INSERT INTO `nutrition` VALUES ('313', '梨（鸭广梨，广梨）', '50');
INSERT INTO `nutrition` VALUES ('314', '梨（专把梨）', '35');
INSERT INTO `nutrition` VALUES ('315', '梨（紫酥梨）', '47');
INSERT INTO `nutrition` VALUES ('316', '梨（冬果梨罐头）', '47');
INSERT INTO `nutrition` VALUES ('317', '梨（糖水罐头）', '33');
INSERT INTO `nutrition` VALUES ('318', '荔枝（鲜）', '70');
INSERT INTO `nutrition` VALUES ('319', '芒果（抹猛果，望果）', '32');
INSERT INTO `nutrition` VALUES ('320', '面蛋', '84');
INSERT INTO `nutrition` VALUES ('321', '南瓜果脯', '336');
INSERT INTO `nutrition` VALUES ('322', '柠檬', '35');
INSERT INTO `nutrition` VALUES ('323', '柠檬汁', '26');
INSERT INTO `nutrition` VALUES ('324', '枇杷', '39');
INSERT INTO `nutrition` VALUES ('325', '苹果', '52');
INSERT INTO `nutrition` VALUES ('326', '苹果（伏苹果）', '45');
INSERT INTO `nutrition` VALUES ('327', '苹果（红星苹果）', '57');
INSERT INTO `nutrition` VALUES ('328', '苹果（黄元帅苹果）', '55');
INSERT INTO `nutrition` VALUES ('329', '苹果（国光苹果）', '54');
INSERT INTO `nutrition` VALUES ('330', '苹果（旱）', '30');
INSERT INTO `nutrition` VALUES ('331', '苹果（红富士苹果）', '45');
INSERT INTO `nutrition` VALUES ('332', '苹果（红香蕉苹果）', '49');
INSERT INTO `nutrition` VALUES ('333', '苹果（金元帅苹果）', '50');
INSERT INTO `nutrition` VALUES ('334', '苹果（黄香蕉苹果）', '49');
INSERT INTO `nutrition` VALUES ('335', '苹果（香玉苹果）', '59');
INSERT INTO `nutrition` VALUES ('336', '苹果（印度苹果）', '44');
INSERT INTO `nutrition` VALUES ('337', '苹果（红元帅苹果）', '59');
INSERT INTO `nutrition` VALUES ('338', '苹果（祝光苹果）', '46');
INSERT INTO `nutrition` VALUES ('339', '苹果（青香蕉苹果）', '49');
INSERT INTO `nutrition` VALUES ('340', '苹果（秋里蒙苹果）', '35');
INSERT INTO `nutrition` VALUES ('341', '苹果（倭锦苹果）', '50');
INSERT INTO `nutrition` VALUES ('342', '苹果（红玉苹果）', '43');
INSERT INTO `nutrition` VALUES ('343', '苹果罐头', '39');
INSERT INTO `nutrition` VALUES ('344', '苹果酱', '277');
INSERT INTO `nutrition` VALUES ('345', '苹果脯', '336');
INSERT INTO `nutrition` VALUES ('346', '葡萄', '43');
INSERT INTO `nutrition` VALUES ('347', '葡萄（紫）', '43');
INSERT INTO `nutrition` VALUES ('348', '葡萄（红玫瑰）', '37');
INSERT INTO `nutrition` VALUES ('349', '葡萄（巨峰）', '50');
INSERT INTO `nutrition` VALUES ('350', '葡萄（马奶子）', '40');
INSERT INTO `nutrition` VALUES ('351', '葡萄（玫瑰香）', '50');
INSERT INTO `nutrition` VALUES ('352', '葡萄干', '341');
INSERT INTO `nutrition` VALUES ('353', '青梅果脯', '308');
INSERT INTO `nutrition` VALUES ('354', '人参果', '80');
INSERT INTO `nutrition` VALUES ('355', '桑葚', '49');
INSERT INTO `nutrition` VALUES ('356', '桑葚（干）', '239');
INSERT INTO `nutrition` VALUES ('357', '柿', '71');
INSERT INTO `nutrition` VALUES ('358', '柿（磨盘）', '76');
INSERT INTO `nutrition` VALUES ('359', '柿（荷柿）', '57');
INSERT INTO `nutrition` VALUES ('360', '柿饼', '250');
INSERT INTO `nutrition` VALUES ('361', '石榴（红粉皮石榴）', '64');
INSERT INTO `nutrition` VALUES ('362', '石榴（玛瑙石榴）', '63');
INSERT INTO `nutrition` VALUES ('363', '石榴（青皮石榴）', '61');
INSERT INTO `nutrition` VALUES ('364', '酸刺', '107');
INSERT INTO `nutrition` VALUES ('365', '酸枣棘', '278');
INSERT INTO `nutrition` VALUES ('366', '桃', '48');
INSERT INTO `nutrition` VALUES ('367', '桃（白粉桃）', '24');
INSERT INTO `nutrition` VALUES ('368', '桃（高山白桃）', '40');
INSERT INTO `nutrition` VALUES ('369', '桃（旱久保）', '46');
INSERT INTO `nutrition` VALUES ('370', '桃（黄桃）', '54');
INSERT INTO `nutrition` VALUES ('371', '桃（金红桃）', '26');
INSERT INTO `nutrition` VALUES ('372', '桃（久保桃）', '41');
INSERT INTO `nutrition` VALUES ('373', '桃（蒲桃）', '33');
INSERT INTO `nutrition` VALUES ('374', '桃（蜜桃）', '41');
INSERT INTO `nutrition` VALUES ('375', '桃（晚，黄）', '39');
INSERT INTO `nutrition` VALUES ('376', '桃（庆丰）', '44');
INSERT INTO `nutrition` VALUES ('377', '桃（五月鲜）', '42');
INSERT INTO `nutrition` VALUES ('378', '桃（早，黄）', '38');
INSERT INTO `nutrition` VALUES ('379', '桃（糖水罐头）', '58');
INSERT INTO `nutrition` VALUES ('380', '桃酱', '273');
INSERT INTO `nutrition` VALUES ('381', '桃脯', '310');
INSERT INTO `nutrition` VALUES ('382', '无花果', '59');
INSERT INTO `nutrition` VALUES ('383', '香蕉', '91');
INSERT INTO `nutrition` VALUES ('384', '西瓜脯', '305');
INSERT INTO `nutrition` VALUES ('385', '杏', '36');
INSERT INTO `nutrition` VALUES ('386', '杏（李子杏）', '35');
INSERT INTO `nutrition` VALUES ('387', '杏干', '330');
INSERT INTO `nutrition` VALUES ('388', '杏酱', '286');
INSERT INTO `nutrition` VALUES ('389', '杏脯', '329');
INSERT INTO `nutrition` VALUES ('390', '杏脯（李广杏）', '284');
INSERT INTO `nutrition` VALUES ('391', '杏子罐头', '37');
INSERT INTO `nutrition` VALUES ('392', '杨梅（树梅，山杨梅）', '28');
INSERT INTO `nutrition` VALUES ('393', '桃（杨桃）', '29');
INSERT INTO `nutrition` VALUES ('394', '椰子', '231');
INSERT INTO `nutrition` VALUES ('395', '樱桃（野，白刺）', '288');
INSERT INTO `nutrition` VALUES ('396', '樱桃', '46');
INSERT INTO `nutrition` VALUES ('397', '柚（文旦）', '41');
INSERT INTO `nutrition` VALUES ('398', '余甘子（油甘子）', '38');
INSERT INTO `nutrition` VALUES ('399', '枣（鲜）', '122');
INSERT INTO `nutrition` VALUES ('400', '枣（干）', '264');
INSERT INTO `nutrition` VALUES ('401', '枣（干，大）', '298');
INSERT INTO `nutrition` VALUES ('402', '枣（金丝小枣）', '322');
INSERT INTO `nutrition` VALUES ('403', '枣（酒枣）', '145');
INSERT INTO `nutrition` VALUES ('404', '枣（蜜枣，无核）', '320');
INSERT INTO `nutrition` VALUES ('405', '枣（蜜枣）', '321');
INSERT INTO `nutrition` VALUES ('406', '枣（密云小枣）', '214');
INSERT INTO `nutrition` VALUES ('407', '枣（沙枣）', '200');
INSERT INTO `nutrition` VALUES ('408', '枣（乌枣）', '228');
INSERT INTO `nutrition` VALUES ('409', '猕猴桃（中华猕猴桃，羊桃）', '56');
INSERT INTO `nutrition` VALUES ('410', '白果', '355');
INSERT INTO `nutrition` VALUES ('411', '白果（干，银杏）', '355');
INSERT INTO `nutrition` VALUES ('412', '核桃（干，胡桃）', '627');
INSERT INTO `nutrition` VALUES ('413', '核桃（鲜）', '327');
INSERT INTO `nutrition` VALUES ('414', '花生（生，落花生，长生果）', '298');
INSERT INTO `nutrition` VALUES ('415', '花生（炒）', '589');
INSERT INTO `nutrition` VALUES ('416', '肠（茶肠）', '329');
INSERT INTO `nutrition` VALUES ('417', '肠（大腊肠）', '267');
INSERT INTO `nutrition` VALUES ('418', '肠（大肉肠）', '272');
INSERT INTO `nutrition` VALUES ('419', '肠（蛋清肠）', '278');
INSERT INTO `nutrition` VALUES ('420', '肠（儿童肠）', '290');
INSERT INTO `nutrition` VALUES ('421', '肠（风干肠）', '283');
INSERT INTO `nutrition` VALUES ('422', '肠（广东香肠）', '433');
INSERT INTO `nutrition` VALUES ('423', '肠（红果肠）', '260');
INSERT INTO `nutrition` VALUES ('424', '肠（火腿肠）', '212');
INSERT INTO `nutrition` VALUES ('425', '肠（腊肠）', '584');
INSERT INTO `nutrition` VALUES ('426', '肠（松江肠）', '402');
INSERT INTO `nutrition` VALUES ('427', '肠（蒜肠）', '297');
INSERT INTO `nutrition` VALUES ('428', '肠（午餐肠）', '261');
INSERT INTO `nutrition` VALUES ('429', '肠（香肠）', '508');
INSERT INTO `nutrition` VALUES ('430', '肠（小红肠）', '280');
INSERT INTO `nutrition` VALUES ('431', '肠（小泥肠）', '295');
INSERT INTO `nutrition` VALUES ('432', '肠（猪肉香肠，罐头）', '290');
INSERT INTO `nutrition` VALUES ('433', '叉烧肉', '279');
INSERT INTO `nutrition` VALUES ('434', '方腿', '117');
INSERT INTO `nutrition` VALUES ('435', '宫爆肉丁（罐头）', '336');
INSERT INTO `nutrition` VALUES ('436', '狗肉', '116');
INSERT INTO `nutrition` VALUES ('437', '火腿后坐（火腿）', '330');
INSERT INTO `nutrition` VALUES ('438', '火腿（金华火腿）', '318');
INSERT INTO `nutrition` VALUES ('439', '火腿（熟）', '529');
INSERT INTO `nutrition` VALUES ('440', '酱驴肉', '246');
INSERT INTO `nutrition` VALUES ('441', '酱牛肉', '246');
INSERT INTO `nutrition` VALUES ('442', '酱羊肉', '272');
INSERT INTO `nutrition` VALUES ('443', '酱汁肉', '549');
INSERT INTO `nutrition` VALUES ('444', '腊肉（培根）', '181');
INSERT INTO `nutrition` VALUES ('445', '腊肉（生）', '498');
INSERT INTO `nutrition` VALUES ('446', '腊肉（熟）', '587');
INSERT INTO `nutrition` VALUES ('447', '腊羊肉', '246');
INSERT INTO `nutrition` VALUES ('448', '驴鞭（生）', '143');
INSERT INTO `nutrition` VALUES ('449', '驴鞭（熟，金钱肉）', '186');
INSERT INTO `nutrition` VALUES ('450', '骆驼蹄', '116');
INSERT INTO `nutrition` VALUES ('451', '骆驼掌', '310');
INSERT INTO `nutrition` VALUES ('452', '驴肉（瘦）', '116');
INSERT INTO `nutrition` VALUES ('453', '驴肉（熟）', '251');
INSERT INTO `nutrition` VALUES ('454', '卤猪杂', '186');
INSERT INTO `nutrition` VALUES ('455', '马肉', '122');
INSERT INTO `nutrition` VALUES ('456', '马心', '104');
INSERT INTO `nutrition` VALUES ('457', '牛大肠', '66');
INSERT INTO `nutrition` VALUES ('458', '牛肚', '72');
INSERT INTO `nutrition` VALUES ('459', '牛肺', '94');
INSERT INTO `nutrition` VALUES ('460', '牛肝', '139');
INSERT INTO `nutrition` VALUES ('461', '牛脑', '149');
INSERT INTO `nutrition` VALUES ('462', '牛肉（肥瘦）', '190');
INSERT INTO `nutrition` VALUES ('463', '牛肉（五花，肋条）', '123');
INSERT INTO `nutrition` VALUES ('464', '牛肉（后腿）', '98');
INSERT INTO `nutrition` VALUES ('465', '牛肉（后腱）', '93');
INSERT INTO `nutrition` VALUES ('466', '牛肉（前腱）', '100');
INSERT INTO `nutrition` VALUES ('467', '牛肉（前腿）', '95');
INSERT INTO `nutrition` VALUES ('468', '牛肉（瘦）', '106');
INSERT INTO `nutrition` VALUES ('469', '牛肉干', '550');
INSERT INTO `nutrition` VALUES ('470', '牛肉松', '445');
INSERT INTO `nutrition` VALUES ('471', '牛舌', '196');
INSERT INTO `nutrition` VALUES ('472', '牛肾', '94');
INSERT INTO `nutrition` VALUES ('473', '牛蹄筋', '151');
INSERT INTO `nutrition` VALUES ('474', '牛蹄筋（熟）', '147');
INSERT INTO `nutrition` VALUES ('475', '牛心', '106');
INSERT INTO `nutrition` VALUES ('476', '牛血', '52');
INSERT INTO `nutrition` VALUES ('477', '兔肉', '102');
INSERT INTO `nutrition` VALUES ('478', '兔肉（野）', '84');
INSERT INTO `nutrition` VALUES ('479', '煨牛肉（罐头）', '166');
INSERT INTO `nutrition` VALUES ('480', '午餐肚', '181');
INSERT INTO `nutrition` VALUES ('481', '午餐肉', '229');
INSERT INTO `nutrition` VALUES ('482', '咸肉', '385');
INSERT INTO `nutrition` VALUES ('483', '小肚', '225');
INSERT INTO `nutrition` VALUES ('484', '羊大肠', '70');
INSERT INTO `nutrition` VALUES ('485', '羊肚', '87');
INSERT INTO `nutrition` VALUES ('486', '羊肺', '96');
INSERT INTO `nutrition` VALUES ('487', '羊肝', '134');
INSERT INTO `nutrition` VALUES ('488', '羊肝（青羊）', '143');
INSERT INTO `nutrition` VALUES ('489', '羊脑', '142');
INSERT INTO `nutrition` VALUES ('490', '羊肉（肥，瘦）', '198');
INSERT INTO `nutrition` VALUES ('491', '羊肉（瘦）', '118');
INSERT INTO `nutrition` VALUES ('492', '羊肉（冻，山羊）', '293');
INSERT INTO `nutrition` VALUES ('493', '羊肉（冻，绵羊）', '285');
INSERT INTO `nutrition` VALUES ('494', '羊肉（后腿）', '102');
INSERT INTO `nutrition` VALUES ('495', '羊肉（里脊）', '94');
INSERT INTO `nutrition` VALUES ('496', '羊肉（颈，羊脖）', '109');
INSERT INTO `nutrition` VALUES ('497', '羊肉（前腿）', '111');
INSERT INTO `nutrition` VALUES ('498', '羊肉（青羊）', '99');
INSERT INTO `nutrition` VALUES ('499', '羊肉（熟）', '215');
INSERT INTO `nutrition` VALUES ('500', '羊肉（胸脯，腰窝）', '109');
INSERT INTO `nutrition` VALUES ('501', '羊肉串（炸）', '217');
INSERT INTO `nutrition` VALUES ('502', '羊肉串（电烤）', '234');
INSERT INTO `nutrition` VALUES ('503', '羊肉干（绵羊）', '588');
INSERT INTO `nutrition` VALUES ('504', '羊舌', '225');
INSERT INTO `nutrition` VALUES ('505', '羊肾', '90');
INSERT INTO `nutrition` VALUES ('506', '羊肾（青羊）', '166');
INSERT INTO `nutrition` VALUES ('507', '羊蹄筋（生）', '177');
INSERT INTO `nutrition` VALUES ('508', '羊心', '113');
INSERT INTO `nutrition` VALUES ('509', '羊心（青羊）', '86');
INSERT INTO `nutrition` VALUES ('510', '羊血', '57');
INSERT INTO `nutrition` VALUES ('511', '圆腿', '138');
INSERT INTO `nutrition` VALUES ('512', '珍珠里脊丝（罐头）', '215');
INSERT INTO `nutrition` VALUES ('513', '猪大肠', '191');
INSERT INTO `nutrition` VALUES ('514', '猪胆肝', '336');
INSERT INTO `nutrition` VALUES ('515', '猪大排', '264');
INSERT INTO `nutrition` VALUES ('516', '猪肚', '110');
INSERT INTO `nutrition` VALUES ('517', '猪耳', '190');
INSERT INTO `nutrition` VALUES ('518', '猪肺', '84');
INSERT INTO `nutrition` VALUES ('519', '猪肝', '129');
INSERT INTO `nutrition` VALUES ('520', '猪肝（卤煮）', '203');
INSERT INTO `nutrition` VALUES ('521', '猪脑', '131');
INSERT INTO `nutrition` VALUES ('522', '猪脾', '94');
INSERT INTO `nutrition` VALUES ('523', '猪肉（脖子，猪脖）', '576');
INSERT INTO `nutrition` VALUES ('524', '猪肉（肥）', '816');
INSERT INTO `nutrition` VALUES ('525', '猪肉（肥，瘦）', '395');
INSERT INTO `nutrition` VALUES ('526', '猪肉（后臀尖）', '331');
INSERT INTO `nutrition` VALUES ('527', '猪肉（后蹄膀，后肘）', '320');
INSERT INTO `nutrition` VALUES ('528', '猪肉（脊背，里脊）', '155');
INSERT INTO `nutrition` VALUES ('529', '猪肉（肋条肉）', '568');
INSERT INTO `nutrition` VALUES ('530', '猪肉（奶脯，软五花）', '349');
INSERT INTO `nutrition` VALUES ('531', '猪肉（奶面，硬五花，猪排骨肉）', '339');
INSERT INTO `nutrition` VALUES ('532', '猪肉（前蹄膀，前肘）', '338');
INSERT INTO `nutrition` VALUES ('533', '猪肉（清蒸）', '118');
INSERT INTO `nutrition` VALUES ('534', '猪肉（腿）', '190');
INSERT INTO `nutrition` VALUES ('535', '猪肉（瘦）', '143');
INSERT INTO `nutrition` VALUES ('536', '猪肉松', '396');
INSERT INTO `nutrition` VALUES ('537', '猪肉松（福建式肉松）', '493');
INSERT INTO `nutrition` VALUES ('538', '猪肉松（老年保健肉松）', '451');
INSERT INTO `nutrition` VALUES ('539', '猪肉松（太仓肉松）', '229');
INSERT INTO `nutrition` VALUES ('540', '猪舌（口条）', '233');
INSERT INTO `nutrition` VALUES ('541', '猪肾（猪腰子）', '96');
INSERT INTO `nutrition` VALUES ('542', '猪蹄（爪尖）', '266');
INSERT INTO `nutrition` VALUES ('543', '猪蹄（爪尖）', '266');
INSERT INTO `nutrition` VALUES ('544', '猪蹄（熟，爪尖）', '260');
INSERT INTO `nutrition` VALUES ('545', '猪蹄筋', '156');
INSERT INTO `nutrition` VALUES ('546', '猪头皮', '499');
INSERT INTO `nutrition` VALUES ('547', '猪小肠', '65');
INSERT INTO `nutrition` VALUES ('548', '猪小排（排骨）', '278');
INSERT INTO `nutrition` VALUES ('549', '猪心', '119');
INSERT INTO `nutrition` VALUES ('550', '猪血', '55');
INSERT INTO `nutrition` VALUES ('551', '猪肘棒', '248');
INSERT INTO `nutrition` VALUES ('552', '猪肘棒（熟）', '314');
INSERT INTO `nutrition` VALUES ('553', '鹌鹑', '110');
INSERT INTO `nutrition` VALUES ('554', '扒鸡', '215');
INSERT INTO `nutrition` VALUES ('555', '斑鸠肉（麒麟鸟）', '171');
INSERT INTO `nutrition` VALUES ('556', '北京烤鸭', '436');
INSERT INTO `nutrition` VALUES ('557', '鹅', '245');
INSERT INTO `nutrition` VALUES ('558', '鹅肝', '129');
INSERT INTO `nutrition` VALUES ('559', '鹅肫', '100');
INSERT INTO `nutrition` VALUES ('560', '鸽', '201');
INSERT INTO `nutrition` VALUES ('561', '火鸡肝', '143');
INSERT INTO `nutrition` VALUES ('562', '火鸡腿', '90');
INSERT INTO `nutrition` VALUES ('563', '火鸡胸脯肉', '103');
INSERT INTO `nutrition` VALUES ('564', '火鸡肫', '91');
INSERT INTO `nutrition` VALUES ('565', '鸡', '167');
INSERT INTO `nutrition` VALUES ('566', '鸡（母，一年内鸡）', '256');
INSERT INTO `nutrition` VALUES ('567', '鸡（肉鸡，肥）', '389');
INSERT INTO `nutrition` VALUES ('568', '鸡（沙鸡）', '147');
INSERT INTO `nutrition` VALUES ('569', '鸡（土鸡，家养）', '124');
INSERT INTO `nutrition` VALUES ('570', '鸡（乌骨鸡）', '111');
INSERT INTO `nutrition` VALUES ('571', '酱鸭', '266');
INSERT INTO `nutrition` VALUES ('572', '鸡翅', '194');
INSERT INTO `nutrition` VALUES ('573', '鸡肝', '121');
INSERT INTO `nutrition` VALUES ('574', '鸡肝（肉鸡）', '121');
INSERT INTO `nutrition` VALUES ('575', '鸡肝（土鸡）', '118');
INSERT INTO `nutrition` VALUES ('576', '鸡肉松', '440');
INSERT INTO `nutrition` VALUES ('577', '鸡腿', '181');
INSERT INTO `nutrition` VALUES ('578', '鸡心', '172');
INSERT INTO `nutrition` VALUES ('579', '鸡胸脯肉', '133');
INSERT INTO `nutrition` VALUES ('580', '鸡血', '49');
INSERT INTO `nutrition` VALUES ('581', '鸡爪', '254');
INSERT INTO `nutrition` VALUES ('582', '鸡肫（鸡胗）', '118');
INSERT INTO `nutrition` VALUES ('583', '烤鸡', '240');
INSERT INTO `nutrition` VALUES ('584', '卤煮鸡', '212');
INSERT INTO `nutrition` VALUES ('585', '瓦罐鸡汤（肉）', '190');
INSERT INTO `nutrition` VALUES ('586', '烧鹅', '289');
INSERT INTO `nutrition` VALUES ('587', '瓦罐鸡汤（汤）', '408');
INSERT INTO `nutrition` VALUES ('588', '乌鸦肉（老鸦）', '136');
INSERT INTO `nutrition` VALUES ('589', '喜鹊肉', '128');
INSERT INTO `nutrition` VALUES ('590', '鸭', '240');
INSERT INTO `nutrition` VALUES ('591', '鸭（北京填鸭）', '424');
INSERT INTO `nutrition` VALUES ('592', '鸭（公麻鸭）', '360');
INSERT INTO `nutrition` VALUES ('593', '鸭（母麻鸭）', '461');
INSERT INTO `nutrition` VALUES ('594', '鸭肠', '129');
INSERT INTO `nutrition` VALUES ('595', '鸭翅', '146');
INSERT INTO `nutrition` VALUES ('596', '鸭肝', '128');
INSERT INTO `nutrition` VALUES ('597', '鸭肝（公麻鸭）', '136');
INSERT INTO `nutrition` VALUES ('598', '鸭肝（母麻鸭）', '113');
INSERT INTO `nutrition` VALUES ('599', '盐水鸭（熟）', '312');
INSERT INTO `nutrition` VALUES ('600', '鸭皮', '538');
INSERT INTO `nutrition` VALUES ('601', '鸭肉（胸脯肉）', '90');
INSERT INTO `nutrition` VALUES ('602', '鸭舌（鸭条）', '245');
INSERT INTO `nutrition` VALUES ('603', '鸭肫', '92');
INSERT INTO `nutrition` VALUES ('604', '鸭肫（公麻鸭）', '112');
INSERT INTO `nutrition` VALUES ('605', '鸭肫（母麻鸭）', '126');
INSERT INTO `nutrition` VALUES ('606', '鸭心', '143');
INSERT INTO `nutrition` VALUES ('607', '鸭血（白鸭）', '58');
INSERT INTO `nutrition` VALUES ('608', '鸭血（公麻鸭）', '56');
INSERT INTO `nutrition` VALUES ('609', '鸭血（母麻鸭）', '55');
INSERT INTO `nutrition` VALUES ('610', '鸭胰', '117');
INSERT INTO `nutrition` VALUES ('611', '鸭掌', '150');
INSERT INTO `nutrition` VALUES ('612', '炸鸡（肯德鸡）', '279');
INSERT INTO `nutrition` VALUES ('613', '白脱（食用，牛油黄油）', '742');
INSERT INTO `nutrition` VALUES ('614', '冰淇淋粉', '396');
INSERT INTO `nutrition` VALUES ('615', '果味奶', '20');
INSERT INTO `nutrition` VALUES ('616', '黄油', '892');
INSERT INTO `nutrition` VALUES ('617', '黄油渣', '599');
INSERT INTO `nutrition` VALUES ('618', '炼乳（罐头，甜）', '332');
INSERT INTO `nutrition` VALUES ('619', '奶豆腐（鲜）', '305');
INSERT INTO `nutrition` VALUES ('620', '奶豆腐（脱脂）', '343');
INSERT INTO `nutrition` VALUES ('621', '奶疙瘩（奶酪干，干酸奶）', '426');
INSERT INTO `nutrition` VALUES ('622', '奶酪（干酪）', '328');
INSERT INTO `nutrition` VALUES ('623', '奶片', '472');
INSERT INTO `nutrition` VALUES ('624', '奶皮子', '460');
INSERT INTO `nutrition` VALUES ('625', '奶油', '720');
INSERT INTO `nutrition` VALUES ('626', '奶油（焦克）', '447');
INSERT INTO `nutrition` VALUES ('627', '奶油（食用工业）', '503');
INSERT INTO `nutrition` VALUES ('628', '牛乳（牦牛乳）', '112');
INSERT INTO `nutrition` VALUES ('629', '牛乳', '54');
INSERT INTO `nutrition` VALUES ('630', '牛乳（西德牛）', '60');
INSERT INTO `nutrition` VALUES ('631', '牛乳（强化VA,VD）', '51');
INSERT INTO `nutrition` VALUES ('632', '牛乳（美国牛）', '59');
INSERT INTO `nutrition` VALUES ('633', '牛乳（原料奶）', '50');
INSERT INTO `nutrition` VALUES ('634', '牛乳粉（母乳化奶粉）', '510');
INSERT INTO `nutrition` VALUES ('635', '牛乳粉（强化维生素，多维奶粉）', '484');
INSERT INTO `nutrition` VALUES ('636', '牛乳粉（全脂）', '478');
INSERT INTO `nutrition` VALUES ('637', '牛乳粉（全脂，速溶）', '466');
INSERT INTO `nutrition` VALUES ('638', '牛乳粉（婴儿奶粉）', '443');
INSERT INTO `nutrition` VALUES ('639', '酸酪蛋', '443');
INSERT INTO `nutrition` VALUES ('640', '酸奶', '72');
INSERT INTO `nutrition` VALUES ('641', '酸奶（高蛋白）', '62');
INSERT INTO `nutrition` VALUES ('642', '酸奶（果料酸奶)', '67');
INSERT INTO `nutrition` VALUES ('643', '酸奶（桔味，脱脂）', '48');
INSERT INTO `nutrition` VALUES ('644', '酸奶（脱脂酸奶）', '57');
INSERT INTO `nutrition` VALUES ('645', '酸奶（中脂）', '64');
INSERT INTO `nutrition` VALUES ('646', '羊乳（鲜）', '59');
INSERT INTO `nutrition` VALUES ('647', '羊乳粉（全脂）', '498');
INSERT INTO `nutrition` VALUES ('648', '鹌鹑蛋', '160');
INSERT INTO `nutrition` VALUES ('649', '鹌鹑蛋（五香罐头）', '152');
INSERT INTO `nutrition` VALUES ('650', '鹅蛋', '196');
INSERT INTO `nutrition` VALUES ('651', '鹅蛋白', '48');
INSERT INTO `nutrition` VALUES ('652', '鹅蛋黄', '324');
INSERT INTO `nutrition` VALUES ('653', '鸡蛋（白皮）', '138');
INSERT INTO `nutrition` VALUES ('654', '鸡蛋（红皮）', '156');
INSERT INTO `nutrition` VALUES ('655', '鸡蛋白', '60');
INSERT INTO `nutrition` VALUES ('656', '鸡蛋白（乌骨鸡）', '44');
INSERT INTO `nutrition` VALUES ('657', '鸡蛋蛋白粉', '367');
INSERT INTO `nutrition` VALUES ('658', '鸡蛋粉（全蛋粉）', '545');
INSERT INTO `nutrition` VALUES ('659', '鸡蛋黄', '328');
INSERT INTO `nutrition` VALUES ('660', '鸡蛋黄（乌骨鸡）', '263');
INSERT INTO `nutrition` VALUES ('661', '鸡蛋黄粉（蛋黄粉）', '644');
INSERT INTO `nutrition` VALUES ('662', '松花蛋（鸡）', '178');
INSERT INTO `nutrition` VALUES ('663', '松花蛋（鸭，皮蛋）', '171');
INSERT INTO `nutrition` VALUES ('664', '鸭蛋', '180');
INSERT INTO `nutrition` VALUES ('665', '鲍鱼（杂色鲍）', '84');
INSERT INTO `nutrition` VALUES ('666', '鲍鱼（干）', '322');
INSERT INTO `nutrition` VALUES ('667', '蛏干（蛏子缢，蛏青子）', '340');
INSERT INTO `nutrition` VALUES ('668', '蛏子', '40');
INSERT INTO `nutrition` VALUES ('669', '淡菜（干）', '355');
INSERT INTO `nutrition` VALUES ('670', '淡菜（鲜）', '80');
INSERT INTO `nutrition` VALUES ('671', '干贝', '264');
INSERT INTO `nutrition` VALUES ('672', '海蛎肉', '66');
INSERT INTO `nutrition` VALUES ('673', '海参', '262');
INSERT INTO `nutrition` VALUES ('674', '海参（水浸）', '24');
INSERT INTO `nutrition` VALUES ('675', '海参（鲜）', '71');
INSERT INTO `nutrition` VALUES ('676', '海蜇皮', '33');
INSERT INTO `nutrition` VALUES ('677', '海蜇头', '74');
INSERT INTO `nutrition` VALUES ('678', '蛤蜊', '31');
INSERT INTO `nutrition` VALUES ('679', '蛤蜊（花蛤）', '45');
INSERT INTO `nutrition` VALUES ('680', '蛤蜊（毛蛤蜊）', '97');
INSERT INTO `nutrition` VALUES ('681', '蛤蜊（秋）', '89');
INSERT INTO `nutrition` VALUES ('682', '蛤蜊（沙蛤）', '56');
INSERT INTO `nutrition` VALUES ('683', '蛤蜊（杂色蛤）', '53');
INSERT INTO `nutrition` VALUES ('684', '蚶子（银蚶）', '71');
INSERT INTO `nutrition` VALUES ('685', '河蚌', '36');
INSERT INTO `nutrition` VALUES ('686', '河蚬（蚬子）', '47');
INSERT INTO `nutrition` VALUES ('687', '螺（东风螺，黄螺）', '106');
INSERT INTO `nutrition` VALUES ('688', '螺（红螺）', '119');
INSERT INTO `nutrition` VALUES ('689', '螺蛳', '59');
INSERT INTO `nutrition` VALUES ('690', '螺（石螺）', '91');
INSERT INTO `nutrition` VALUES ('691', '螺（田螺）', '60');
INSERT INTO `nutrition` VALUES ('692', '螺（香海螺）', '163');
INSERT INTO `nutrition` VALUES ('693', '墨鱼', '82');
INSERT INTO `nutrition` VALUES ('694', '墨鱼（干，曼氏无针乌贼）', '287');
INSERT INTO `nutrition` VALUES ('695', '牡蛎', '73');
INSERT INTO `nutrition` VALUES ('696', '泥蚶（珠蚶，血蚶）', '71');
INSERT INTO `nutrition` VALUES ('697', '生蚝', '57');
INSERT INTO `nutrition` VALUES ('698', '乌鱼蛋', '66');
INSERT INTO `nutrition` VALUES ('699', '乌贼（鲜，枪乌贼，台湾枪乌贼）', '84');
INSERT INTO `nutrition` VALUES ('700', '鲜贝', '77');
INSERT INTO `nutrition` VALUES ('701', '鲜赤贝', '61');
INSERT INTO `nutrition` VALUES ('702', '鲜扇贝', '60');
INSERT INTO `nutrition` VALUES ('703', '鱿鱼（干，台湾枪乌贼）', '313');
INSERT INTO `nutrition` VALUES ('704', '鱿鱼（水浸）', '75');
INSERT INTO `nutrition` VALUES ('705', '章鱼（真蛸）', '52');
INSERT INTO `nutrition` VALUES ('706', '螯虾', '93');
INSERT INTO `nutrition` VALUES ('707', '白米虾（水虾米）', '81');
INSERT INTO `nutrition` VALUES ('708', '斑节对虾（草虾）', '103');
INSERT INTO `nutrition` VALUES ('709', '长毛对虾（大虾，白露虾）', '90');
INSERT INTO `nutrition` VALUES ('710', '刺姑（红大虾）', '77');
INSERT INTO `nutrition` VALUES ('711', '东方对虾（中国对虾）', '84');
INSERT INTO `nutrition` VALUES ('712', '对虾', '93');
INSERT INTO `nutrition` VALUES ('713', '海虾', '79');
INSERT INTO `nutrition` VALUES ('714', '菠萝豆', '392');
INSERT INTO `nutrition` VALUES ('715', '蚕豆（烤）', '372');
INSERT INTO `nutrition` VALUES ('716', '蚕豆（炸，开花豆）', '446');
INSERT INTO `nutrition` VALUES ('717', '炒肝', '96');
INSERT INTO `nutrition` VALUES ('718', '茶汤', '92');
INSERT INTO `nutrition` VALUES ('719', '春卷', '463');
INSERT INTO `nutrition` VALUES ('720', '蛋糕（蛋清）', '339');
INSERT INTO `nutrition` VALUES ('721', '蛋糕（老年，烤）', '383');
INSERT INTO `nutrition` VALUES ('722', '蛋糕（奶油）', '378');
INSERT INTO `nutrition` VALUES ('723', '蛋糕', '347');
INSERT INTO `nutrition` VALUES ('724', '蛋糕（蒸，黄蛋糕）', '320');
INSERT INTO `nutrition` VALUES ('725', '蛋黄酥', '386');
INSERT INTO `nutrition` VALUES ('726', '蛋麻脆', '452');
INSERT INTO `nutrition` VALUES ('727', '德庆酥', '456');
INSERT INTO `nutrition` VALUES ('728', '豆腐脑（带卤）', '47');
INSERT INTO `nutrition` VALUES ('729', '豆汁（生）', '10');
INSERT INTO `nutrition` VALUES ('730', '鹅油卷', '461');
INSERT INTO `nutrition` VALUES ('731', '凤尾酥', '511');
INSERT INTO `nutrition` VALUES ('732', '福来酥', '465');
INSERT INTO `nutrition` VALUES ('733', '茯苓夹饼', '332');
INSERT INTO `nutrition` VALUES ('734', '灌肠', '134');
INSERT INTO `nutrition` VALUES ('735', '黑麻香酥', '436');
INSERT INTO `nutrition` VALUES ('736', '黑洋酥', '417');
INSERT INTO `nutrition` VALUES ('737', '核桃薄脆', '480');
INSERT INTO `nutrition` VALUES ('738', '黄酒肉（羊肉）', '277');
INSERT INTO `nutrition` VALUES ('739', '混糖糕点', '453');
INSERT INTO `nutrition` VALUES ('740', '江米条', '439');
INSERT INTO `nutrition` VALUES ('741', '焦圈', '544');
INSERT INTO `nutrition` VALUES ('742', '京八件', '435');
INSERT INTO `nutrition` VALUES ('743', '金钱酥', '504');
INSERT INTO `nutrition` VALUES ('744', '京式黄酥', '490');
INSERT INTO `nutrition` VALUES ('745', '鸡腿酥', '436');
INSERT INTO `nutrition` VALUES ('746', '开口笑（麻团）', '512');
INSERT INTO `nutrition` VALUES ('747', '空心果', '451');
INSERT INTO `nutrition` VALUES ('748', '凉粉（带调料）', '50');
INSERT INTO `nutrition` VALUES ('749', '绿豆糕', '349');
INSERT INTO `nutrition` VALUES ('750', '栗羊羹', '301');
INSERT INTO `nutrition` VALUES ('751', '驴打滚', '194');
INSERT INTO `nutrition` VALUES ('752', '麻烘糕', '397');
INSERT INTO `nutrition` VALUES ('753', '麻花', '524');
INSERT INTO `nutrition` VALUES ('754', '麻香糕', '401');
INSERT INTO `nutrition` VALUES ('755', '美味香酥卷', '368');
INSERT INTO `nutrition` VALUES ('756', '面包', '312');
INSERT INTO `nutrition` VALUES ('757', '面包（多维）', '318');
INSERT INTO `nutrition` VALUES ('758', '面包（法式配餐）', '282');
INSERT INTO `nutrition` VALUES ('759', '面包（法式牛角）', '375');
INSERT INTO `nutrition` VALUES ('760', '面包（果料）', '278');
INSERT INTO `nutrition` VALUES ('761', '面包（麦胚）', '246');
INSERT INTO `nutrition` VALUES ('762', '面包（麦维）', '270');
INSERT INTO `nutrition` VALUES ('763', '面包（维生素）', '279');
INSERT INTO `nutrition` VALUES ('764', '面包（武斯羹）', '273');
INSERT INTO `nutrition` VALUES ('765', '面包（咸）', '274');
INSERT INTO `nutrition` VALUES ('766', '面包（椰圈）', '320');
INSERT INTO `nutrition` VALUES ('767', '面窝', '293');
INSERT INTO `nutrition` VALUES ('768', '蜜麻花（糖耳朵）', '367');
INSERT INTO `nutrition` VALUES ('769', '年糕', '154');
INSERT INTO `nutrition` VALUES ('770', '酿皮子', '132');
INSERT INTO `nutrition` VALUES ('771', '牛杂割', '156');
INSERT INTO `nutrition` VALUES ('772', '青稞（甜胚子）', '130');
INSERT INTO `nutrition` VALUES ('773', '起酥', '499');
INSERT INTO `nutrition` VALUES ('774', '热干面', '152');
INSERT INTO `nutrition` VALUES ('775', '肉香饼', '435');
INSERT INTO `nutrition` VALUES ('776', '三刀蜜', '383');
INSERT INTO `nutrition` VALUES ('777', '三鲜豆皮', '240');
INSERT INTO `nutrition` VALUES ('778', '烧饼', '326');
INSERT INTO `nutrition` VALUES ('779', '烧麦', '238');
INSERT INTO `nutrition` VALUES ('780', '水晶饼', '436');
INSERT INTO `nutrition` VALUES ('781', '酥皮糕点', '426');
INSERT INTO `nutrition` VALUES ('782', '汤包', '238');
INSERT INTO `nutrition` VALUES ('783', '桃酥', '481');
INSERT INTO `nutrition` VALUES ('784', '豌豆黄', '133');
INSERT INTO `nutrition` VALUES ('785', '碗糕', '332');
INSERT INTO `nutrition` VALUES ('786', '香油炒面', '407');
INSERT INTO `nutrition` VALUES ('787', '小豆粥', '61');
INSERT INTO `nutrition` VALUES ('788', '羊法子', '61');
INSERT INTO `nutrition` VALUES ('789', '羊面肠', '152');
INSERT INTO `nutrition` VALUES ('790', '硬皮糕点', '463');
INSERT INTO `nutrition` VALUES ('791', '油茶', '94');
INSERT INTO `nutrition` VALUES ('792', '月饼（百寿宴点）', '428');
INSERT INTO `nutrition` VALUES ('793', '月饼（豆沙）', '405');
INSERT INTO `nutrition` VALUES ('794', '月饼（奶油果馅）', '441');
INSERT INTO `nutrition` VALUES ('795', '月饼（奶油松仁）', '438');
INSERT INTO `nutrition` VALUES ('796', '月饼（唐王赏月）', '429');
INSERT INTO `nutrition` VALUES ('797', '月饼（五仁）', '416');
INSERT INTO `nutrition` VALUES ('798', '月饼（香油果馅）', '449');
INSERT INTO `nutrition` VALUES ('799', '月饼（枣泥）', '424');
INSERT INTO `nutrition` VALUES ('800', '炸糕', '280');
INSERT INTO `nutrition` VALUES ('801', '状元饼', '435');
INSERT INTO `nutrition` VALUES ('802', '宝宝福', '390');
INSERT INTO `nutrition` VALUES ('803', '冰川可乐', '45');
INSERT INTO `nutrition` VALUES ('804', '冰棍', '47');
INSERT INTO `nutrition` VALUES ('805', '冰淇淋', '126');
INSERT INTO `nutrition` VALUES ('806', '冰砖', '153');
INSERT INTO `nutrition` VALUES ('807', '橙珍（易拉罐）', '25');
INSERT INTO `nutrition` VALUES ('808', '刺玫汁（纸盒）', '32');
INSERT INTO `nutrition` VALUES ('809', '红果汁', '157');
INSERT INTO `nutrition` VALUES ('810', '胡萝卜素王', '130');
INSERT INTO `nutrition` VALUES ('811', '橘子晶', '390');
INSERT INTO `nutrition` VALUES ('812', '橘汁（浓缩蜜橘）', '235');
INSERT INTO `nutrition` VALUES ('813', '橘汁（VC蜜橘）', '95');
INSERT INTO `nutrition` VALUES ('814', '凉薯（番茨地瓜豆薯）', '55');
INSERT INTO `nutrition` VALUES ('815', '萝卜', '20');
INSERT INTO `nutrition` VALUES ('816', '萝卜（白，莱菔）', '20');
INSERT INTO `nutrition` VALUES ('817', '萝卜（红皮萝卜）', '26');
INSERT INTO `nutrition` VALUES ('818', '萝卜（算盘子红皮萝卜）', '19');
INSERT INTO `nutrition` VALUES ('819', '萝卜（红心萝卜）', '39');
INSERT INTO `nutrition` VALUES ('820', '萝卜（青萝卜）', '31');
INSERT INTO `nutrition` VALUES ('821', '萝卜（水萝卜，脆萝卜）', '20');
INSERT INTO `nutrition` VALUES ('822', '萝卜（心里美）', '21');
INSERT INTO `nutrition` VALUES ('823', '马铃薯（土豆洋芋）', '76');
INSERT INTO `nutrition` VALUES ('824', '马铃薯粉（土豆粉）', '337');
INSERT INTO `nutrition` VALUES ('825', '马铃薯片（油炸，油炸土豆片）', '612');
INSERT INTO `nutrition` VALUES ('826', '马铃薯丁（脱水）', '337');
INSERT INTO `nutrition` VALUES ('827', '马铃薯丝（脱水）', '343');
INSERT INTO `nutrition` VALUES ('828', '魔芋精粉（鬼芋粉南星粉）', '37');
INSERT INTO `nutrition` VALUES ('829', '苴莲（苤蓝球茎，甘蓝）', '29');
INSERT INTO `nutrition` VALUES ('830', '藕（莲藕）', '70');
INSERT INTO `nutrition` VALUES ('831', '藕粉', '372');
INSERT INTO `nutrition` VALUES ('832', '藕粉（桂花藕粉）', '344');
INSERT INTO `nutrition` VALUES ('833', '苤蓝（玉蔓菁）', '30');
INSERT INTO `nutrition` VALUES ('834', '山药（薯蓣）', '56');
INSERT INTO `nutrition` VALUES ('835', '山药（干）', '324');
INSERT INTO `nutrition` VALUES ('836', '甜萝卜（甜菜头，糖萝卜）', '75');
INSERT INTO `nutrition` VALUES ('837', '大白菜（酸，酸菜）', '14');
INSERT INTO `nutrition` VALUES ('838', '大白菜（小白口）', '14');
INSERT INTO `nutrition` VALUES ('839', '大葱（鲜）', '30');
INSERT INTO `nutrition` VALUES ('840', '大蒜（蒜头）', '126');
INSERT INTO `nutrition` VALUES ('841', '大蒜（脱水）', '339');
INSERT INTO `nutrition` VALUES ('842', '大蒜（紫皮）', '136');
INSERT INTO `nutrition` VALUES ('843', '冬寒菜（冬苋菜，冬葵）', '30');
INSERT INTO `nutrition` VALUES ('844', '枸杞菜（枸杞地骨）', '44');
INSERT INTO `nutrition` VALUES ('845', '观达菜（根达菜，恭菜）', '14');
INSERT INTO `nutrition` VALUES ('846', '红菜苔', '29');
INSERT INTO `nutrition` VALUES ('847', '红胡萝卜缨', '73');
INSERT INTO `nutrition` VALUES ('848', '红皮葱', '46');
INSERT INTO `nutrition` VALUES ('849', '茴香菜（小茴香）', '24');
INSERT INTO `nutrition` VALUES ('850', '茭白（茭笋茭粑）', '23');
INSERT INTO `nutrition` VALUES ('851', '芥菜（大叶芥菜）', '14');
INSERT INTO `nutrition` VALUES ('852', '芥蓝（甘蓝菜）', '19');
INSERT INTO `nutrition` VALUES ('853', '茎用芥菜（青菜头）', '5');
INSERT INTO `nutrition` VALUES ('854', '芥菜（小叶芥菜）', '24');
INSERT INTO `nutrition` VALUES ('855', '金针菜（黄花菜）', '199');
INSERT INTO `nutrition` VALUES ('856', '韭菜', '26');
INSERT INTO `nutrition` VALUES ('857', '韭芽（韭黄）', '22');
INSERT INTO `nutrition` VALUES ('858', '蕨菜（脱水）', '251');
INSERT INTO `nutrition` VALUES ('859', '苦菜（节节花拒马菜）', '35');
INSERT INTO `nutrition` VALUES ('860', '苦苦菜', '38');
INSERT INTO `nutrition` VALUES ('861', '萝卜缨（白）', '14');
INSERT INTO `nutrition` VALUES ('862', '萝卜缨（青）', '32');
INSERT INTO `nutrition` VALUES ('863', '萝卜缨（小，红）', '20');
INSERT INTO `nutrition` VALUES ('864', '落葵（木耳菜软浆叶）', '20');
INSERT INTO `nutrition` VALUES ('865', '芦笋（石叼柏龙须菜）', '18');
INSERT INTO `nutrition` VALUES ('866', '马兰头（马兰鸡儿肠）', '25');
INSERT INTO `nutrition` VALUES ('867', '苜蓿（草头金花菜）', '60');
INSERT INTO `nutrition` VALUES ('868', '牛俐生菜（油麦菜）', '15');
INSERT INTO `nutrition` VALUES ('869', '瓢儿白（瓢儿菜）', '15');
INSERT INTO `nutrition` VALUES ('870', '荞菜（野荞）', '11');
INSERT INTO `nutrition` VALUES ('871', '荠菜（蓟菜）', '27');
INSERT INTO `nutrition` VALUES ('872', '芹菜（白茎，旱芹药芹）', '14');
INSERT INTO `nutrition` VALUES ('873', '芹菜（茎）', '20');
INSERT INTO `nutrition` VALUES ('874', '芹菜（水芹菜）', '13');
INSERT INTO `nutrition` VALUES ('875', '芹菜（叶）', '31');
INSERT INTO `nutrition` VALUES ('876', '青蒜', '30');
INSERT INTO `nutrition` VALUES ('877', '生菜', '13');
INSERT INTO `nutrition` VALUES ('878', '蒜（小蒜）', '30');
INSERT INTO `nutrition` VALUES ('879', '蒜黄', '21');
INSERT INTO `nutrition` VALUES ('880', '蒜苗（蒜苔）', '37');
INSERT INTO `nutrition` VALUES ('881', '汤菜', '22');
INSERT INTO `nutrition` VALUES ('882', '茼蒿（蓬蒿菜艾菜）', '21');
INSERT INTO `nutrition` VALUES ('883', '蕹菜（空心菜）', '20');
INSERT INTO `nutrition` VALUES ('884', '乌菜（塌菜，塌棵菜）', '25');
INSERT INTO `nutrition` VALUES ('885', '莴苣笋（莴苣）', '14');
INSERT INTO `nutrition` VALUES ('886', '莴苣叶（莴笋叶）', '18');
INSERT INTO `nutrition` VALUES ('887', '苋菜（青，绿苋菜）', '25');
INSERT INTO `nutrition` VALUES ('888', '苋菜（紫，紫苋菜红苋）', '31');
INSERT INTO `nutrition` VALUES ('889', '香椿（香椿头）', '47');
INSERT INTO `nutrition` VALUES ('890', '小白菜（青菜，白菜）', '15');
INSERT INTO `nutrition` VALUES ('891', '小葱', '24');
INSERT INTO `nutrition` VALUES ('892', '西兰花（绿菜花）', '33');
INSERT INTO `nutrition` VALUES ('893', '西洋菜（豆瓣菜，水田芥）', '17');
INSERT INTO `nutrition` VALUES ('894', '雪里蕻（雪菜，雪里红）', '24');
INSERT INTO `nutrition` VALUES ('895', '油菜', '23');
INSERT INTO `nutrition` VALUES ('896', '油菜（脱水）', '299');
INSERT INTO `nutrition` VALUES ('897', '油菜苔', '20');
INSERT INTO `nutrition` VALUES ('898', '圆白菜（甘蓝，卷心菜）', '22');
INSERT INTO `nutrition` VALUES ('899', '芫荽（香菜，香荽）', '31');
INSERT INTO `nutrition` VALUES ('900', '芫荽（脱水）', '293');
INSERT INTO `nutrition` VALUES ('901', '榆钱', '36');
INSERT INTO `nutrition` VALUES ('902', '白瓜', '10');
INSERT INTO `nutrition` VALUES ('903', '白金瓜', '24');
INSERT INTO `nutrition` VALUES ('904', '白兰瓜', '21');
INSERT INTO `nutrition` VALUES ('905', '菜瓜（生瓜，白瓜）', '18');
INSERT INTO `nutrition` VALUES ('906', '冬瓜', '11');
INSERT INTO `nutrition` VALUES ('907', '方瓜', '13');
INSERT INTO `nutrition` VALUES ('908', '佛手瓜（棒瓜，菜肴梨）', '16');
INSERT INTO `nutrition` VALUES ('909', '哈蜜瓜', '34');
INSERT INTO `nutrition` VALUES ('910', '黄瓜（胡瓜）', '15');
INSERT INTO `nutrition` VALUES ('911', '黄河蜜瓜', '5');
INSERT INTO `nutrition` VALUES ('912', '葫芦条（干）', '219');
INSERT INTO `nutrition` VALUES ('913', '葫芦（长瓜，蒲瓜，瓠瓜）', '14');
INSERT INTO `nutrition` VALUES ('914', '节瓜（毛瓜）', '12');
INSERT INTO `nutrition` VALUES ('915', '金瓜', '14');
INSERT INTO `nutrition` VALUES ('916', '金丝瓜（裸瓣瓜）', '37');
INSERT INTO `nutrition` VALUES ('917', '金塔寺瓜', '8');
INSERT INTO `nutrition` VALUES ('918', '苦瓜（凉瓜，赖葡萄）', '19');
INSERT INTO `nutrition` VALUES ('919', '灵蜜瓜', '6');
INSERT INTO `nutrition` VALUES ('920', '麻醉瓜', '16');
INSERT INTO `nutrition` VALUES ('921', '面西胡瓜', '10');
INSERT INTO `nutrition` VALUES ('922', '木瓜', '27');
INSERT INTO `nutrition` VALUES ('923', '南瓜（饭瓜番瓜，倭瓜）', '22');
INSERT INTO `nutrition` VALUES ('924', '蛇瓜（蛇豆，大豆角）', '15');
INSERT INTO `nutrition` VALUES ('925', '丝瓜', '20');
INSERT INTO `nutrition` VALUES ('926', '笋瓜（生瓜）', '12');
INSERT INTO `nutrition` VALUES ('927', '甜瓜（香瓜）', '26');
INSERT INTO `nutrition` VALUES ('928', '小西胡瓜', '22');
INSERT INTO `nutrition` VALUES ('929', '西瓜（寒瓜）', '25');
INSERT INTO `nutrition` VALUES ('930', '西瓜（忠于6号，黑皮）', '32');
INSERT INTO `nutrition` VALUES ('931', '西瓜（京欣1号）', '34');
INSERT INTO `nutrition` VALUES ('932', '西瓜（郑州3号）', '25');
INSERT INTO `nutrition` VALUES ('933', '西葫芦', '18');
INSERT INTO `nutrition` VALUES ('934', '籽瓜', '4');
INSERT INTO `nutrition` VALUES ('935', '茄子（长）', '19');
INSERT INTO `nutrition` VALUES ('936', '青椒（灯笼椒，柿子椒，大椒）', '22');
INSERT INTO `nutrition` VALUES ('937', '番茄（西红柿，番柿）', '19');
INSERT INTO `nutrition` VALUES ('938', '番茄（整，罐头）', '21');
INSERT INTO `nutrition` VALUES ('939', '番茄酱（罐头）', '81');
INSERT INTO `nutrition` VALUES ('940', '葫子（茄科）', '27');
INSERT INTO `nutrition` VALUES ('941', '辣椒（红尖，干）', '212');
INSERT INTO `nutrition` VALUES ('942', '辣椒（红小）', '32');
INSERT INTO `nutrition` VALUES ('943', '辣椒（尖，青）', '23');
INSERT INTO `nutrition` VALUES ('944', '奶柿子西红柿', '13');
INSERT INTO `nutrition` VALUES ('945', '茄子', '21');
INSERT INTO `nutrition` VALUES ('946', '茄子（绿皮）', '25');
INSERT INTO `nutrition` VALUES ('947', '秋葵（黄秋葵，羊角豆）', '37');
INSERT INTO `nutrition` VALUES ('948', '甜椒（脱水）', '307');
INSERT INTO `nutrition` VALUES ('949', '八宝菜（酱）', '72');
INSERT INTO `nutrition` VALUES ('950', '菜干（芥菜）', '141');
INSERT INTO `nutrition` VALUES ('951', '大头菜（酱）', '36');
INSERT INTO `nutrition` VALUES ('952', '大头菜（桂花，佛手疙瘩）', '51');
INSERT INTO `nutrition` VALUES ('953', '大头菜（五香）', '48');
INSERT INTO `nutrition` VALUES ('954', '洋姜（咸，地姜，鬼子姜）', '34');
INSERT INTO `nutrition` VALUES ('955', '冬菜', '46');
INSERT INTO `nutrition` VALUES ('956', '甘露（酱腌，甘露子，地蚕）', '37');
INSERT INTO `nutrition` VALUES ('957', '狗芽菜', '22');
INSERT INTO `nutrition` VALUES ('958', '合锦菜', '75');
INSERT INTO `nutrition` VALUES ('959', '黄瓜（甜辣黄瓜）', '99');
INSERT INTO `nutrition` VALUES ('960', '黄瓜（酱黄瓜）', '24');
INSERT INTO `nutrition` VALUES ('961', '姜（糟）', '27');
INSERT INTO `nutrition` VALUES ('962', '酱包瓜', '107');
INSERT INTO `nutrition` VALUES ('963', '芥菜（酸）', '25');
INSERT INTO `nutrition` VALUES ('964', '芥菜头（腌，水菜，水疙瘩）', '38');
INSERT INTO `nutrition` VALUES ('965', '芥菜头（腌煮，煮菜，煮疙瘩）', '26');
INSERT INTO `nutrition` VALUES ('966', '金钱萝卜', '41');
INSERT INTO `nutrition` VALUES ('967', '韭菜花（腌）', '17');
INSERT INTO `nutrition` VALUES ('968', '蕨菜（腌）', '22');
INSERT INTO `nutrition` VALUES ('969', '龙须菜（腌制）', '75');
INSERT INTO `nutrition` VALUES ('970', '萝卜（酱）', '30');
INSERT INTO `nutrition` VALUES ('971', '萝卜干', '60');
INSERT INTO `nutrition` VALUES ('972', '萝卜条（辣）', '37');
INSERT INTO `nutrition` VALUES ('973', '蘑菇（酱）', '121');
INSERT INTO `nutrition` VALUES ('974', '苤蓝丝（酱）', '39');
INSERT INTO `nutrition` VALUES ('975', '乳黄瓜（腌，嫩黄瓜）', '32');
INSERT INTO `nutrition` VALUES ('976', '什锦菜', '34');
INSERT INTO `nutrition` VALUES ('977', '蒜头（糖）', '114');
INSERT INTO `nutrition` VALUES ('978', '蒜头（酱）', '104');
INSERT INTO `nutrition` VALUES ('979', '甜酸皎头', '97');
INSERT INTO `nutrition` VALUES ('980', '莴笋（酱）', '23');
INSERT INTO `nutrition` VALUES ('981', '咸沙葱（蒙古韭）', '25');
INSERT INTO `nutrition` VALUES ('982', '雪里蕻（腌，腌雪里红）', '25');
INSERT INTO `nutrition` VALUES ('983', '花生仁（生）', '563');
INSERT INTO `nutrition` VALUES ('984', '花生仁（炒）', '581');
INSERT INTO `nutrition` VALUES ('985', '葵花子（生）', '597');
INSERT INTO `nutrition` VALUES ('986', '葵花子（炒）', '616');
INSERT INTO `nutrition` VALUES ('987', '葵花子仁', '606');
INSERT INTO `nutrition` VALUES ('988', '莲子（糖水）', '201');
INSERT INTO `nutrition` VALUES ('989', '莲子（干）', '344');
INSERT INTO `nutrition` VALUES ('990', '栗子（干）', '345');
INSERT INTO `nutrition` VALUES ('991', '栗子（鲜，板栗）', '185');
INSERT INTO `nutrition` VALUES ('992', '毛核桃（鲜）', '174');
INSERT INTO `nutrition` VALUES ('993', '南瓜子（炒，白瓜子）', '574');
INSERT INTO `nutrition` VALUES ('994', '南瓜子仁', '566');
INSERT INTO `nutrition` VALUES ('995', '芡实米（鸡头米）', '351');
INSERT INTO `nutrition` VALUES ('996', '山核桃（熟，小核桃）', '596');
INSERT INTO `nutrition` VALUES ('997', '山核桃（干）', '601');
INSERT INTO `nutrition` VALUES ('998', '松子（炒）', '619');
INSERT INTO `nutrition` VALUES ('999', '松子（生）', '640');
INSERT INTO `nutrition` VALUES ('1000', '松子仁', '698');
INSERT INTO `nutrition` VALUES ('1001', '西瓜子（话梅）', '541');
INSERT INTO `nutrition` VALUES ('1002', '西瓜子（炒）', '573');
INSERT INTO `nutrition` VALUES ('1003', '西瓜子仁', '555');
INSERT INTO `nutrition` VALUES ('1004', '杏仁', '514');
INSERT INTO `nutrition` VALUES ('1005', '榛子（干）', '542');
INSERT INTO `nutrition` VALUES ('1006', '榛子（炒）', '594');
INSERT INTO `nutrition` VALUES ('1007', '鸭蛋（咸）', '190');
INSERT INTO `nutrition` VALUES ('1008', '鸭蛋白', '47');
INSERT INTO `nutrition` VALUES ('1009', '鸭蛋黄', '378');
INSERT INTO `nutrition` VALUES ('1010', '白姑鱼（白米子鱼）', '150');
INSERT INTO `nutrition` VALUES ('1011', '鲅鱼（马鲛鱼，燕鲅鱼，巴鱼）', '122');
INSERT INTO `nutrition` VALUES ('1012', '鲅鱼（咸，咸马鲛）', '157');
INSERT INTO `nutrition` VALUES ('1013', '八爪鱼（八角鱼）', '135');
INSERT INTO `nutrition` VALUES ('1014', '鳊鱼（鲂鱼，武昌鱼）', '135');
INSERT INTO `nutrition` VALUES ('1015', '餐条鱼', '165');
INSERT INTO `nutrition` VALUES ('1016', '草鱼（白鲩，草包鱼）', '112');
INSERT INTO `nutrition` VALUES ('1017', '鲳鱼（平鱼，银鲳，刺鲳）', '142');
INSERT INTO `nutrition` VALUES ('1018', '赤眼鳟（金目鱼）', '114');
INSERT INTO `nutrition` VALUES ('1019', '大黄鱼（大黄花鱼）', '96');
INSERT INTO `nutrition` VALUES ('1020', '带鱼（白带鱼，刀鱼）', '127');
INSERT INTO `nutrition` VALUES ('1021', '大麻哈鱼（大马哈鱼）', '143');
INSERT INTO `nutrition` VALUES ('1022', '鲷鱼（黑鲷，铜盆鱼，大目鱼）', '106');
INSERT INTO `nutrition` VALUES ('1023', '鲽（比目鱼，凸眼鱼）', '107');
INSERT INTO `nutrition` VALUES ('1024', '丁香鱼（干）', '196');
INSERT INTO `nutrition` VALUES ('1025', '堤鱼（海河乌江）', '191');
INSERT INTO `nutrition` VALUES ('1026', '颚针鱼（针量鱼）', '180');
INSERT INTO `nutrition` VALUES ('1027', '狗母鱼（大头狗母鱼）', '100');
INSERT INTO `nutrition` VALUES ('1028', '鳜鱼（桂鱼）', '117');
INSERT INTO `nutrition` VALUES ('1029', '海鲫鱼（九九鱼）', '206');
INSERT INTO `nutrition` VALUES ('1030', '海鳗（海鳗鱼，鲫勾）', '122');
INSERT INTO `nutrition` VALUES ('1031', '红娘鱼（冀红娘鱼）', '105');
INSERT INTO `nutrition` VALUES ('1032', '黄姑鱼（黄婆鸡鱼）', '133');
INSERT INTO `nutrition` VALUES ('1033', '黄颡鱼（戈牙鱼，黄鳍鱼）', '124');
INSERT INTO `nutrition` VALUES ('1034', '黄鳝（鳝鱼）', '89');
INSERT INTO `nutrition` VALUES ('1035', '黄鳝（鳝丝）', '61');
INSERT INTO `nutrition` VALUES ('1036', '胡子鲇（塘虱鱼）', '146');
INSERT INTO `nutrition` VALUES ('1037', '尖嘴白', '137');
INSERT INTO `nutrition` VALUES ('1038', '鲒花', '117');
INSERT INTO `nutrition` VALUES ('1039', '静鱼', '126');
INSERT INTO `nutrition` VALUES ('1040', '金线鱼（红三鱼）', '100');
INSERT INTO `nutrition` VALUES ('1041', '鲚鱼（大凤尾鱼）', '106');
INSERT INTO `nutrition` VALUES ('1042', '鲚鱼（小凤尾鱼）', '124');
INSERT INTO `nutrition` VALUES ('1043', '鲫鱼（喜头鱼，海鲋鱼）', '108');
INSERT INTO `nutrition` VALUES ('1044', '口头鱼', '134');
INSERT INTO `nutrition` VALUES ('1045', '鳓鱼（快鱼，力鱼）', '159');
INSERT INTO `nutrition` VALUES ('1046', '鲢鱼（白鲢，胖子，连子鱼）', '102');
INSERT INTO `nutrition` VALUES ('1047', '鲮鱼（雪鲮）', '95');
INSERT INTO `nutrition` VALUES ('1048', '鲮鱼（罐头）', '399');
INSERT INTO `nutrition` VALUES ('1049', '鲤鱼（鲤拐子）', '109');
INSERT INTO `nutrition` VALUES ('1050', '罗非鱼（越南鱼，非洲黑鲫鱼）', '77');
INSERT INTO `nutrition` VALUES ('1051', '罗非鱼', '98');
INSERT INTO `nutrition` VALUES ('1052', '鲈鱼（鲈花）', '100');
INSERT INTO `nutrition` VALUES ('1053', '鳗鲡（鳗鱼，河鳗）', '181');
INSERT INTO `nutrition` VALUES ('1054', '梅童鱼（大头仔鱼，丁珠鱼）', '113');
INSERT INTO `nutrition` VALUES ('1055', '鮸鱼(鳘鱼)', '82');
INSERT INTO `nutrition` VALUES ('1056', '鲇鱼(胡子鲇，鲢胡，旺虾)', '102');
INSERT INTO `nutrition` VALUES ('1057', '泥鳅', '96');
INSERT INTO `nutrition` VALUES ('1058', '鲆(片口鱼，比目鱼)', '105');
INSERT INTO `nutrition` VALUES ('1059', '青鱼(青皮鱼，青鳞鱼，青混)', '116');
INSERT INTO `nutrition` VALUES ('1060', '鲨鱼(青鲨，白斑角鲨)', '110');
INSERT INTO `nutrition` VALUES ('1061', '舌鳎(花纹舌头，舌头鱼)', '83');
INSERT INTO `nutrition` VALUES ('1062', '蛇鲻(沙丁鱼，沙鲻)', '88');
INSERT INTO `nutrition` VALUES ('1063', '蛇鲻(沙梭鱼)', '122');
INSERT INTO `nutrition` VALUES ('1064', '鲐鱼（青鲐鱼，鲐巴鱼，青砖鱼）', '155');
INSERT INTO `nutrition` VALUES ('1065', '鲀（绿鳍马面鲀，面包鱼）', '83');
INSERT INTO `nutrition` VALUES ('1066', '乌鳢（黑鱼，石斑鱼，生鱼）', '85');
INSERT INTO `nutrition` VALUES ('1067', '小黄鱼（小黄花鱼）', '99');
INSERT INTO `nutrition` VALUES ('1068', '鳕鱼（鳕狭，明太鱼）', '88');
INSERT INTO `nutrition` VALUES ('1069', '鳐鱼（夫鱼）', '90');
INSERT INTO `nutrition` VALUES ('1070', '银鱼（面条鱼）', '119');
INSERT INTO `nutrition` VALUES ('1071', '鳙鱼（胖头鱼，摆佳鱼，花鲢鱼）', '100');
INSERT INTO `nutrition` VALUES ('1072', '鱼片干', '303');
INSERT INTO `nutrition` VALUES ('1073', '鱼子酱（大麻哈鱼）', '252');
INSERT INTO `nutrition` VALUES ('1074', '鲻鱼（白眼棱鱼）', '118');
INSERT INTO `nutrition` VALUES ('1075', '鳟鱼（红鳟鱼）', '99');
INSERT INTO `nutrition` VALUES ('1076', '蚌肉', '71');
INSERT INTO `nutrition` VALUES ('1077', '河虾', '84');
INSERT INTO `nutrition` VALUES ('1078', '江虾（沼虾）', '87');
INSERT INTO `nutrition` VALUES ('1079', '基围虾', '101');
INSERT INTO `nutrition` VALUES ('1080', '龙虾', '90');
INSERT INTO `nutrition` VALUES ('1081', '明虾', '85');
INSERT INTO `nutrition` VALUES ('1082', '塘水虾（草虾）', '96');
INSERT INTO `nutrition` VALUES ('1083', '虾虎（琵琶虾）', '81');
INSERT INTO `nutrition` VALUES ('1084', '虾米（海米）', '195');
INSERT INTO `nutrition` VALUES ('1085', '虾脑酱', '100');
INSERT INTO `nutrition` VALUES ('1086', '虾皮', '153');
INSERT INTO `nutrition` VALUES ('1087', '蟹（海蟹）', '95');
INSERT INTO `nutrition` VALUES ('1088', '蟹（河蟹）', '103');
INSERT INTO `nutrition` VALUES ('1089', '蟹（踞缘青蟹，青蟹）', '80');
INSERT INTO `nutrition` VALUES ('1090', '蟹（梭子蟹）', '95');
INSERT INTO `nutrition` VALUES ('1091', '蟹肉', '62');
INSERT INTO `nutrition` VALUES ('1092', '菜籽油', '899');
INSERT INTO `nutrition` VALUES ('1093', '茶油', '899');
INSERT INTO `nutrition` VALUES ('1094', '大麻油', '897');
INSERT INTO `nutrition` VALUES ('1095', '豆油', '899');
INSERT INTO `nutrition` VALUES ('1096', '花生油', '899');
INSERT INTO `nutrition` VALUES ('1097', '胡麻油', '900');
INSERT INTO `nutrition` VALUES ('1098', '混合油（菜+棕）', '895');
INSERT INTO `nutrition` VALUES ('1099', '葵花籽油', '899');
INSERT INTO `nutrition` VALUES ('1100', '辣椒油', '900');
INSERT INTO `nutrition` VALUES ('1101', '棉籽油', '899');
INSERT INTO `nutrition` VALUES ('1102', '牛油（炼）', '898');
INSERT INTO `nutrition` VALUES ('1103', '牛油', '835');
INSERT INTO `nutrition` VALUES ('1104', '色拉油', '898');
INSERT INTO `nutrition` VALUES ('1105', '鸭油（炼）', '897');
INSERT INTO `nutrition` VALUES ('1106', '羊油', '824');
INSERT INTO `nutrition` VALUES ('1107', '羊油（炼）', '895');
INSERT INTO `nutrition` VALUES ('1108', '玉米油', '895');
INSERT INTO `nutrition` VALUES ('1109', '芝麻油（香油）', '898');
INSERT INTO `nutrition` VALUES ('1110', '猪油（未炼）', '827');
INSERT INTO `nutrition` VALUES ('1111', '猪油（炼，大油）', '897');
INSERT INTO `nutrition` VALUES ('1112', '棕榈油', '900');
INSERT INTO `nutrition` VALUES ('1113', '艾窝窝', '190');
INSERT INTO `nutrition` VALUES ('1114', '白水羊头', '193');
INSERT INTO `nutrition` VALUES ('1115', '板油酥饼', '362');
INSERT INTO `nutrition` VALUES ('1116', '饼干（VC饼干）', '572');
INSERT INTO `nutrition` VALUES ('1117', '饼干（奶油）', '429');
INSERT INTO `nutrition` VALUES ('1118', '饼干', '433');
INSERT INTO `nutrition` VALUES ('1119', '饼干（补血饼干）', '452');
INSERT INTO `nutrition` VALUES ('1120', '饼干（高蛋白饼干）', '448');
INSERT INTO `nutrition` VALUES ('1121', '饼干（强化锌，富锌饼干）', '444');
INSERT INTO `nutrition` VALUES ('1122', '饼干（曲奇饼）', '546');
INSERT INTO `nutrition` VALUES ('1123', '饼干（军用压缩）', '457');
INSERT INTO `nutrition` VALUES ('1124', '饼干（儿童营养饼干）', '446');
INSERT INTO `nutrition` VALUES ('1125', '饼干（钙奶饼干）', '444');
INSERT INTO `nutrition` VALUES ('1126', '饼干（苏打）', '408');
INSERT INTO `nutrition` VALUES ('1127', '饼干（维夫饼干）', '528');
INSERT INTO `nutrition` VALUES ('1128', '桔子饮料（固体）', '391');
INSERT INTO `nutrition` VALUES ('1129', '橘子汁', '119');
INSERT INTO `nutrition` VALUES ('1130', '可可粉', '320');
INSERT INTO `nutrition` VALUES ('1131', '麦乳精', '429');
INSERT INTO `nutrition` VALUES ('1132', '猕猴桃精', '390');
INSERT INTO `nutrition` VALUES ('1133', '巧克力豆奶', '39');
INSERT INTO `nutrition` VALUES ('1134', '汽水（橙汁汽水）', '20');
INSERT INTO `nutrition` VALUES ('1135', '汽水（柠檬汽水）', '38');
INSERT INTO `nutrition` VALUES ('1136', '汽水（特制）', '42');
INSERT INTO `nutrition` VALUES ('1137', '汽水（特制柠檬汽水）', '50');
INSERT INTO `nutrition` VALUES ('1138', '沙棘果汁', '44');
INSERT INTO `nutrition` VALUES ('1139', '山楂晶', '386');
INSERT INTO `nutrition` VALUES ('1140', '神力宝', '68');
INSERT INTO `nutrition` VALUES ('1141', '酸梅晶', '394');
INSERT INTO `nutrition` VALUES ('1142', '维尔康运动饮料', '45');
INSERT INTO `nutrition` VALUES ('1143', '鲜桔晶', '385');
INSERT INTO `nutrition` VALUES ('1144', '鲜橘汁（纸盒）', '30');
INSERT INTO `nutrition` VALUES ('1145', '喜得乐', '60');
INSERT INTO `nutrition` VALUES ('1146', '喜乐（乳酸饮料）', '53');
INSERT INTO `nutrition` VALUES ('1147', '杏仁露', '46');
INSERT INTO `nutrition` VALUES ('1148', '雪糕（双棒）', '137');
INSERT INTO `nutrition` VALUES ('1149', '紫雪糕', '228');
INSERT INTO `nutrition` VALUES ('1150', '白砂糖', '400');
INSERT INTO `nutrition` VALUES ('1151', '白糖（绵白糖）', '396');
INSERT INTO `nutrition` VALUES ('1152', '冰糖', '397');
INSERT INTO `nutrition` VALUES ('1153', '彩球糖', '396');
INSERT INTO `nutrition` VALUES ('1154', '蜂蜜', '321');
INSERT INTO `nutrition` VALUES ('1155', '红糖', '389');
INSERT INTO `nutrition` VALUES ('1156', '胶姆糖', '368');
INSERT INTO `nutrition` VALUES ('1157', '廖花糖', '392');
INSERT INTO `nutrition` VALUES ('1158', '马蹄软糖', '359');
INSERT INTO `nutrition` VALUES ('1159', '棉花糖', '321');
INSERT INTO `nutrition` VALUES ('1160', '米花糖', '384');
INSERT INTO `nutrition` VALUES ('1161', '奶糖', '407');
INSERT INTO `nutrition` VALUES ('1162', '泡泡糖', '360');
INSERT INTO `nutrition` VALUES ('1163', '巧克力', '586');
INSERT INTO `nutrition` VALUES ('1164', '巧克力（酒芯）', '400');
INSERT INTO `nutrition` VALUES ('1165', '巧克力（维夫，朱古力威化）', '572');
INSERT INTO `nutrition` VALUES ('1166', '山楂球', '369');
INSERT INTO `nutrition` VALUES ('1167', '水晶糖', '395');
INSERT INTO `nutrition` VALUES ('1168', '酸三色糖', '397');
INSERT INTO `nutrition` VALUES ('1169', '酥糖', '436');
INSERT INTO `nutrition` VALUES ('1170', '鲜桃果汁糖', '397');
INSERT INTO `nutrition` VALUES ('1171', '芝麻南糖', '538');
INSERT INTO `nutrition` VALUES ('1172', '淀粉（蚕豆，大豆淀粉）', '341');
INSERT INTO `nutrition` VALUES ('1173', '马铃薯粉（土豆粉）', '337');
INSERT INTO `nutrition` VALUES ('1174', '淀粉（团粉，芡粉）', '346');
INSERT INTO `nutrition` VALUES ('1175', '淀粉（玉米）', '345');
INSERT INTO `nutrition` VALUES ('1176', '粉皮', '64');
INSERT INTO `nutrition` VALUES ('1177', '粉丝', '335');
INSERT INTO `nutrition` VALUES ('1178', '粉条', '337');
INSERT INTO `nutrition` VALUES ('1179', '凉粉', '37');
INSERT INTO `nutrition` VALUES ('1180', '醋', '31');
INSERT INTO `nutrition` VALUES ('1181', '豆瓣酱（辣油豆瓣酱）', '184');
INSERT INTO `nutrition` VALUES ('1182', '豆瓣酱', '178');
INSERT INTO `nutrition` VALUES ('1183', '豆豉（五香）', '244');
INSERT INTO `nutrition` VALUES ('1184', '黄酱（大酱）', '131');
INSERT INTO `nutrition` VALUES ('1185', '花生酱', '594');
INSERT INTO `nutrition` VALUES ('1186', '酱油', '63');
INSERT INTO `nutrition` VALUES ('1187', '酱油（冬菇）', '38');
INSERT INTO `nutrition` VALUES ('1188', '酱油（多味）', '86');
INSERT INTO `nutrition` VALUES ('1189', '酱油（高级）', '71');
INSERT INTO `nutrition` VALUES ('1190', '酱油（三鲜）', '41');
INSERT INTO `nutrition` VALUES ('1191', '酱油（三级）', '40');
INSERT INTO `nutrition` VALUES ('1192', '酱油（晒制）', '71');
INSERT INTO `nutrition` VALUES ('1193', '酱油（特母）', '55');
INSERT INTO `nutrition` VALUES ('1194', '酱油（味精）', '51');
INSERT INTO `nutrition` VALUES ('1195', '酱油（一级）', '66');
INSERT INTO `nutrition` VALUES ('1196', '酱油（油膏）', '99');
INSERT INTO `nutrition` VALUES ('1197', '芥茉', '476');
INSERT INTO `nutrition` VALUES ('1198', '韭菜花（腌）', '15');
INSERT INTO `nutrition` VALUES ('1199', '辣酱（豆瓣辣酱）', '59');
INSERT INTO `nutrition` VALUES ('1200', '辣酱（麻）', '135');
INSERT INTO `nutrition` VALUES ('1201', '辣酱（牛肉辣酱）', '127');
INSERT INTO `nutrition` VALUES ('1202', '辣酱（郫县辣酱）', '89');
INSERT INTO `nutrition` VALUES ('1203', '辣酱（蒜蓉）', '88');
INSERT INTO `nutrition` VALUES ('1204', '辣酱（香油辣酱）', '54');
INSERT INTO `nutrition` VALUES ('1205', '辣椒酱（辣椒糊）', '31');
INSERT INTO `nutrition` VALUES ('1206', '甜面酱', '136');
INSERT INTO `nutrition` VALUES ('1207', '味精', '268');
INSERT INTO `nutrition` VALUES ('1208', '盐', '0');
INSERT INTO `nutrition` VALUES ('1209', '芝麻酱', '618');
INSERT INTO `nutrition` VALUES ('1210', '蚕蛹', '230');
INSERT INTO `nutrition` VALUES ('1211', '甲鱼', '118');
INSERT INTO `nutrition` VALUES ('1212', '老鼠肉', '131');
INSERT INTO `nutrition` VALUES ('1213', '蛇（水蛇）', '90');
INSERT INTO `nutrition` VALUES ('1214', '蛇（三索线蛇）', '81');
INSERT INTO `nutrition` VALUES ('1215', '蛇（饭铲头蛇）', '97');
INSERT INTO `nutrition` VALUES ('1216', '蛇（过树榕蛇）', '81');
INSERT INTO `nutrition` VALUES ('1217', '蛇', '91');
INSERT INTO `nutrition` VALUES ('1218', '田鸡（青蛙）', '93');
INSERT INTO `nutrition` VALUES ('1219', '田鸡腿（青蛙腿）', '79');
INSERT INTO `nutrition` VALUES ('1220', '蝎子', '177');
INSERT INTO `nutrition` VALUES ('1221', '芝麻（白）', '517');
INSERT INTO `nutrition` VALUES ('1222', '芝麻（黑）', '531');
INSERT INTO `nutrition` VALUES ('1223', '中国鲎', '63');
INSERT INTO `nutrition` VALUES ('1224', '碧绿酒（41.0度）', '239');
INSERT INTO `nutrition` VALUES ('1225', '崇明老白酒', '0');
INSERT INTO `nutrition` VALUES ('1226', '二锅头（58度）', '352');
INSERT INTO `nutrition` VALUES ('1227', '甘州大曲（52.3度）', '312');
INSERT INTO `nutrition` VALUES ('1228', '汉口小麦酒（40.0度）', '237');
INSERT INTO `nutrition` VALUES ('1229', '汉口白酒（49.6度）', '295');
INSERT INTO `nutrition` VALUES ('1230', '黄鹤楼酒（39度）', '227');
INSERT INTO `nutrition` VALUES ('1231', '景泰大曲（53.9度）', '323');
INSERT INTO `nutrition` VALUES ('1232', '景泰二曲（53.9度）', '303');
INSERT INTO `nutrition` VALUES ('1233', '酒泉酒（56.9度）', '343');
INSERT INTO `nutrition` VALUES ('1234', '精制小麦酒（40.8度）', '238');
INSERT INTO `nutrition` VALUES ('1235', '凉州曲酒（52.8度）', '315');
INSERT INTO `nutrition` VALUES ('1236', '宁河大曲（52.5度）', '314');
INSERT INTO `nutrition` VALUES ('1237', '宁河二曲（52.6度）', '314');
INSERT INTO `nutrition` VALUES ('1238', '曲酒（55度）', '330');
INSERT INTO `nutrition` VALUES ('1239', '三粮小麦（55度）', '330');
INSERT INTO `nutrition` VALUES ('1240', '丝路春酒（52.8度）', '315');
INSERT INTO `nutrition` VALUES ('1241', '低度汉酒（37.2度）', '216');
INSERT INTO `nutrition` VALUES ('1242', '特制汉酒（59.9度）', '364');
INSERT INTO `nutrition` VALUES ('1243', '特制三粮酒（56.2度）', '339');
INSERT INTO `nutrition` VALUES ('1244', '乌林春酒（青稞酒,57.5度）', '347');
INSERT INTO `nutrition` VALUES ('1245', '五酿春（44.4度）', '260');
INSERT INTO `nutrition` VALUES ('1246', '小麦酒（50度）', '297');
INSERT INTO `nutrition` VALUES ('1247', '小麦酒（48度）', '284');
INSERT INTO `nutrition` VALUES ('1248', '燕岭春（57度）', '344');
INSERT INTO `nutrition` VALUES ('1249', '醉流霞（57度）', '344');
INSERT INTO `nutrition` VALUES ('1250', '白葡萄酒（11度）', '62');
INSERT INTO `nutrition` VALUES ('1251', '白葡萄酒（14.2度）', '80');
INSERT INTO `nutrition` VALUES ('1252', '白葡萄酒（10.4度）', '58');
INSERT INTO `nutrition` VALUES ('1253', '红葡萄酒（11.6度）', '65');
INSERT INTO `nutrition` VALUES ('1254', '红葡萄酒（12度）', '68');
INSERT INTO `nutrition` VALUES ('1255', '玫瑰香葡萄酒（15度）', '85');
INSERT INTO `nutrition` VALUES ('1256', '中国红葡萄酒（16度）', '91');
INSERT INTO `nutrition` VALUES ('1257', '贡米佳酿（14度）', '80');
INSERT INTO `nutrition` VALUES ('1258', '黄酒（5.5度）', '31');
INSERT INTO `nutrition` VALUES ('1259', '黄酒（绍兴15,15度）', '85');
INSERT INTO `nutrition` VALUES ('1260', '黄酒（13度）', '78');
INSERT INTO `nutrition` VALUES ('1261', '黄酒（状元红）', '0');
INSERT INTO `nutrition` VALUES ('1262', '黄酒（加饭）', '0');
INSERT INTO `nutrition` VALUES ('1263', '黄酒', '0');
INSERT INTO `nutrition` VALUES ('1264', '酒酿原汁（江米酒）', '0');
INSERT INTO `nutrition` VALUES ('1265', '糯香酒（6.4度）', '36');
INSERT INTO `nutrition` VALUES ('1266', '善酿酒', '0');
INSERT INTO `nutrition` VALUES ('1267', '蜜酒（14.9度）', '84');
INSERT INTO `nutrition` VALUES ('1268', '双喜沙棘酒（14.1度）', '80');
INSERT INTO `nutrition` VALUES ('1269', '香雪酒', '0');
INSERT INTO `nutrition` VALUES ('1270', '中华沙棘酒（10度）', '56');
INSERT INTO `nutrition` VALUES ('1271', '北京啤酒（5.4度）', '33');
INSERT INTO `nutrition` VALUES ('1272', '北京特制啤酒（6度）', '35');
INSERT INTO `nutrition` VALUES ('1273', '楚天啤酒（2.6度）', '15');
INSERT INTO `nutrition` VALUES ('1274', '酒泉啤酒（4.6度）', '26');
INSERT INTO `nutrition` VALUES ('1275', '麦饭石啤酒（4.2度）', '26');
INSERT INTO `nutrition` VALUES ('1276', '美雪啤酒（5.8度）', '34');
INSERT INTO `nutrition` VALUES ('1277', '啤酒（5.5度）', '31');
INSERT INTO `nutrition` VALUES ('1278', '秦海啤酒（6度）', '36');
INSERT INTO `nutrition` VALUES ('1279', '清爽型啤酒（6度）', '35');
INSERT INTO `nutrition` VALUES ('1280', '特制啤酒（5度）', '30');
INSERT INTO `nutrition` VALUES ('1281', 'VC啤酒（11度）', '77');
INSERT INTO `nutrition` VALUES ('1282', '五星啤酒（5.5度）', '34');
INSERT INTO `nutrition` VALUES ('1283', '武汉啤酒（3.2度）', '18');
INSERT INTO `nutrition` VALUES ('1284', '行吟阁啤酒（3.2度）', '18');

-- ----------------------------
-- Table structure for role
-- ----------------------------
DROP TABLE IF EXISTS `role`;
CREATE TABLE `role` (
  `role_id` int(32) NOT NULL,
  `role_name` varchar(32) NOT NULL,
  PRIMARY KEY (`role_id`)
) ENGINE=InnoDB DEFAULT CHARSET=utf8;

-- ----------------------------
-- Records of role
-- ----------------------------

-- ----------------------------
-- Table structure for user
-- ----------------------------
DROP TABLE IF EXISTS `user`;
CREATE TABLE `user` (
  `user_id` int(32) NOT NULL AUTO_INCREMENT,
  `phone` varchar(64) NOT NULL,
  `password` varchar(64) NOT NULL,
  PRIMARY KEY (`user_id`),
  UNIQUE KEY `username` (`phone`) USING BTREE
) ENGINE=InnoDB AUTO_INCREMENT=99 DEFAULT CHARSET=utf8;

-- ----------------------------
-- Records of user
-- ----------------------------
INSERT INTO `user` VALUES ('1', '测试', '测试');
INSERT INTO `user` VALUES ('2', '测试1', '7c4a8d09ca3762af61e59520943dc26494f8941b');
INSERT INTO `user` VALUES ('3', '测试2', '7c4a8d09ca3762af61e59520943dc26494f8941b');
INSERT INTO `user` VALUES ('4', '测试3', '7c4a8d09ca3762af61e59520943dc26494f8941b');
INSERT INTO `user` VALUES ('5', 'aaaaaaa', 'aaa');
INSERT INTO `user` VALUES ('6', 'bbb', 'aaa');
INSERT INTO `user` VALUES ('7', 'safsad', 'aaa');
INSERT INTO `user` VALUES ('8', '15626139118', '123456');
INSERT INTO `user` VALUES ('9', '1024343242', '7c4a8d09ca3762af61e59520943dc26494f8941b');
INSERT INTO `user` VALUES ('10', '1124343242', '7c4a8d09ca3762af61e59520943dc26494f8941b');
INSERT INTO `user` VALUES ('11', '1224343242', '7c4a8d09ca3762af61e59520943dc26494f8941b');
INSERT INTO `user` VALUES ('12', '1324343242', '7c4a8d09ca3762af61e59520943dc26494f8941b');
INSERT INTO `user` VALUES ('13', '1424343242', '7c4a8d09ca3762af61e59520943dc26494f8941b');
INSERT INTO `user` VALUES ('14', '1524343242', '7c4a8d09ca3762af61e59520943dc26494f8941b');
INSERT INTO `user` VALUES ('15', '1624343242', '7c4a8d09ca3762af61e59520943dc26494f8941b');
INSERT INTO `user` VALUES ('16', '1724343242', '7c4a8d09ca3762af61e59520943dc26494f8941b');
INSERT INTO `user` VALUES ('17', '1824343242', '7c4a8d09ca3762af61e59520943dc26494f8941b');
INSERT INTO `user` VALUES ('18', '1924343242', '7c4a8d09ca3762af61e59520943dc26494f8941b');
INSERT INTO `user` VALUES ('19', '2024343242', '7c4a8d09ca3762af61e59520943dc26494f8941b');
INSERT INTO `user` VALUES ('20', '2124343242', '7c4a8d09ca3762af61e59520943dc26494f8941b');
INSERT INTO `user` VALUES ('21', '2224343242', '7c4a8d09ca3762af61e59520943dc26494f8941b');
INSERT INTO `user` VALUES ('22', '2324343242', '7c4a8d09ca3762af61e59520943dc26494f8941b');
INSERT INTO `user` VALUES ('23', '2424343242', '7c4a8d09ca3762af61e59520943dc26494f8941b');
INSERT INTO `user` VALUES ('24', '2524343242', '7c4a8d09ca3762af61e59520943dc26494f8941b');
INSERT INTO `user` VALUES ('25', '2624343242', '7c4a8d09ca3762af61e59520943dc26494f8941b');
INSERT INTO `user` VALUES ('26', '2724343242', '7c4a8d09ca3762af61e59520943dc26494f8941b');
INSERT INTO `user` VALUES ('27', '2824343242', '7c4a8d09ca3762af61e59520943dc26494f8941b');
INSERT INTO `user` VALUES ('28', '2924343242', '7c4a8d09ca3762af61e59520943dc26494f8941b');
INSERT INTO `user` VALUES ('29', '3024343242', '7c4a8d09ca3762af61e59520943dc26494f8941b');
INSERT INTO `user` VALUES ('30', '3124343242', '7c4a8d09ca3762af61e59520943dc26494f8941b');
INSERT INTO `user` VALUES ('31', '3224343242', '7c4a8d09ca3762af61e59520943dc26494f8941b');
INSERT INTO `user` VALUES ('32', '3324343242', '7c4a8d09ca3762af61e59520943dc26494f8941b');
INSERT INTO `user` VALUES ('33', '3424343242', '7c4a8d09ca3762af61e59520943dc26494f8941b');
INSERT INTO `user` VALUES ('34', '3524343242', '7c4a8d09ca3762af61e59520943dc26494f8941b');
INSERT INTO `user` VALUES ('35', '3624343242', '7c4a8d09ca3762af61e59520943dc26494f8941b');
INSERT INTO `user` VALUES ('36', '3724343242', '7c4a8d09ca3762af61e59520943dc26494f8941b');
INSERT INTO `user` VALUES ('37', '3824343242', '7c4a8d09ca3762af61e59520943dc26494f8941b');
INSERT INTO `user` VALUES ('38', '3924343242', '7c4a8d09ca3762af61e59520943dc26494f8941b');
INSERT INTO `user` VALUES ('39', '4024343242', '7c4a8d09ca3762af61e59520943dc26494f8941b');
INSERT INTO `user` VALUES ('40', '4124343242', '7c4a8d09ca3762af61e59520943dc26494f8941b');
INSERT INTO `user` VALUES ('41', '4224343242', '7c4a8d09ca3762af61e59520943dc26494f8941b');
INSERT INTO `user` VALUES ('42', '4324343242', '7c4a8d09ca3762af61e59520943dc26494f8941b');
INSERT INTO `user` VALUES ('43', '4424343242', '7c4a8d09ca3762af61e59520943dc26494f8941b');
INSERT INTO `user` VALUES ('44', '4524343242', '7c4a8d09ca3762af61e59520943dc26494f8941b');
INSERT INTO `user` VALUES ('45', '4624343242', '7c4a8d09ca3762af61e59520943dc26494f8941b');
INSERT INTO `user` VALUES ('46', '4724343242', '7c4a8d09ca3762af61e59520943dc26494f8941b');
INSERT INTO `user` VALUES ('47', '4824343242', '7c4a8d09ca3762af61e59520943dc26494f8941b');
INSERT INTO `user` VALUES ('48', '4924343242', '7c4a8d09ca3762af61e59520943dc26494f8941b');
INSERT INTO `user` VALUES ('49', '5024343242', '7c4a8d09ca3762af61e59520943dc26494f8941b');
INSERT INTO `user` VALUES ('50', '5124343242', '7c4a8d09ca3762af61e59520943dc26494f8941b');
INSERT INTO `user` VALUES ('51', '5224343242', '7c4a8d09ca3762af61e59520943dc26494f8941b');
INSERT INTO `user` VALUES ('52', '5324343242', '7c4a8d09ca3762af61e59520943dc26494f8941b');
INSERT INTO `user` VALUES ('53', '5424343242', '7c4a8d09ca3762af61e59520943dc26494f8941b');
INSERT INTO `user` VALUES ('54', '5524343242', '7c4a8d09ca3762af61e59520943dc26494f8941b');
INSERT INTO `user` VALUES ('55', '5624343242', '7c4a8d09ca3762af61e59520943dc26494f8941b');
INSERT INTO `user` VALUES ('56', '5724343242', '7c4a8d09ca3762af61e59520943dc26494f8941b');
INSERT INTO `user` VALUES ('57', '5824343242', '7c4a8d09ca3762af61e59520943dc26494f8941b');
INSERT INTO `user` VALUES ('58', '5924343242', '7c4a8d09ca3762af61e59520943dc26494f8941b');
INSERT INTO `user` VALUES ('59', '6024343242', '7c4a8d09ca3762af61e59520943dc26494f8941b');
INSERT INTO `user` VALUES ('60', '6124343242', '7c4a8d09ca3762af61e59520943dc26494f8941b');
INSERT INTO `user` VALUES ('61', '6224343242', '7c4a8d09ca3762af61e59520943dc26494f8941b');
INSERT INTO `user` VALUES ('62', '6324343242', '7c4a8d09ca3762af61e59520943dc26494f8941b');
INSERT INTO `user` VALUES ('63', '6424343242', '7c4a8d09ca3762af61e59520943dc26494f8941b');
INSERT INTO `user` VALUES ('64', '6524343242', '7c4a8d09ca3762af61e59520943dc26494f8941b');
INSERT INTO `user` VALUES ('65', '6624343242', '7c4a8d09ca3762af61e59520943dc26494f8941b');
INSERT INTO `user` VALUES ('66', '6724343242', '7c4a8d09ca3762af61e59520943dc26494f8941b');
INSERT INTO `user` VALUES ('67', '6824343242', '7c4a8d09ca3762af61e59520943dc26494f8941b');
INSERT INTO `user` VALUES ('68', '6924343242', '7c4a8d09ca3762af61e59520943dc26494f8941b');
INSERT INTO `user` VALUES ('69', '7024343242', '7c4a8d09ca3762af61e59520943dc26494f8941b');
INSERT INTO `user` VALUES ('70', '7124343242', '7c4a8d09ca3762af61e59520943dc26494f8941b');
INSERT INTO `user` VALUES ('71', '7224343242', '7c4a8d09ca3762af61e59520943dc26494f8941b');
INSERT INTO `user` VALUES ('72', '7324343242', '7c4a8d09ca3762af61e59520943dc26494f8941b');
INSERT INTO `user` VALUES ('73', '7424343242', '7c4a8d09ca3762af61e59520943dc26494f8941b');
INSERT INTO `user` VALUES ('74', '7524343242', '7c4a8d09ca3762af61e59520943dc26494f8941b');
INSERT INTO `user` VALUES ('75', '7624343242', '7c4a8d09ca3762af61e59520943dc26494f8941b');
INSERT INTO `user` VALUES ('76', '7724343242', '7c4a8d09ca3762af61e59520943dc26494f8941b');
INSERT INTO `user` VALUES ('77', '7824343242', '7c4a8d09ca3762af61e59520943dc26494f8941b');
INSERT INTO `user` VALUES ('78', '7924343242', '7c4a8d09ca3762af61e59520943dc26494f8941b');
INSERT INTO `user` VALUES ('79', '8024343242', '7c4a8d09ca3762af61e59520943dc26494f8941b');
INSERT INTO `user` VALUES ('80', '8124343242', '7c4a8d09ca3762af61e59520943dc26494f8941b');
INSERT INTO `user` VALUES ('81', '8224343242', '7c4a8d09ca3762af61e59520943dc26494f8941b');
INSERT INTO `user` VALUES ('82', '8324343242', '7c4a8d09ca3762af61e59520943dc26494f8941b');
INSERT INTO `user` VALUES ('83', '8424343242', '7c4a8d09ca3762af61e59520943dc26494f8941b');
INSERT INTO `user` VALUES ('84', '8524343242', '7c4a8d09ca3762af61e59520943dc26494f8941b');
INSERT INTO `user` VALUES ('85', '8624343242', '7c4a8d09ca3762af61e59520943dc26494f8941b');
INSERT INTO `user` VALUES ('86', '8724343242', '7c4a8d09ca3762af61e59520943dc26494f8941b');
INSERT INTO `user` VALUES ('87', '8824343242', '7c4a8d09ca3762af61e59520943dc26494f8941b');
INSERT INTO `user` VALUES ('88', '8924343242', '7c4a8d09ca3762af61e59520943dc26494f8941b');
INSERT INTO `user` VALUES ('89', '9024343242', '7c4a8d09ca3762af61e59520943dc26494f8941b');
INSERT INTO `user` VALUES ('90', '9124343242', '7c4a8d09ca3762af61e59520943dc26494f8941b');
INSERT INTO `user` VALUES ('91', '9224343242', '7c4a8d09ca3762af61e59520943dc26494f8941b');
INSERT INTO `user` VALUES ('92', '9324343242', '7c4a8d09ca3762af61e59520943dc26494f8941b');
INSERT INTO `user` VALUES ('93', '9424343242', '7c4a8d09ca3762af61e59520943dc26494f8941b');
INSERT INTO `user` VALUES ('94', '9524343242', '7c4a8d09ca3762af61e59520943dc26494f8941b');
INSERT INTO `user` VALUES ('95', '9624343242', '7c4a8d09ca3762af61e59520943dc26494f8941b');
INSERT INTO `user` VALUES ('96', '9724343242', '7c4a8d09ca3762af61e59520943dc26494f8941b');
INSERT INTO `user` VALUES ('97', '9824343242', '7c4a8d09ca3762af61e59520943dc26494f8941b');
INSERT INTO `user` VALUES ('98', '9924343242', '7c4a8d09ca3762af61e59520943dc26494f8941b');

-- ----------------------------
-- Table structure for user_profile
-- ----------------------------
DROP TABLE IF EXISTS `user_profile`;
CREATE TABLE `user_profile` (
  `user_profile_id` int(32) NOT NULL AUTO_INCREMENT,
  `age` int(32) DEFAULT NULL,
  `user_id` int(32) NOT NULL,
  `height` double(32,3) unsigned DEFAULT NULL,
  PRIMARY KEY (`user_profile_id`),
  KEY `user_id` (`user_id`),
  CONSTRAINT `user_id` FOREIGN KEY (`user_id`) REFERENCES `user` (`user_id`) ON DELETE CASCADE
) ENGINE=InnoDB AUTO_INCREMENT=180 DEFAULT CHARSET=utf8;

-- ----------------------------
-- Records of user_profile
-- ----------------------------
INSERT INTO `user_profile` VALUES ('1', '12', '1', '12.000');
INSERT INTO `user_profile` VALUES ('93', '23', '11', '12.210');
INSERT INTO `user_profile` VALUES ('94', '24', '12', '12.210');
INSERT INTO `user_profile` VALUES ('95', '25', '13', '12.210');
INSERT INTO `user_profile` VALUES ('96', '26', '14', '12.210');
INSERT INTO `user_profile` VALUES ('97', '27', '15', '12.210');
INSERT INTO `user_profile` VALUES ('98', '28', '16', '12.210');
INSERT INTO `user_profile` VALUES ('99', '29', '17', '12.210');
INSERT INTO `user_profile` VALUES ('100', '30', '18', '12.210');
INSERT INTO `user_profile` VALUES ('101', '31', '19', '12.210');
INSERT INTO `user_profile` VALUES ('102', '32', '20', '12.210');
INSERT INTO `user_profile` VALUES ('103', '33', '21', '12.210');
INSERT INTO `user_profile` VALUES ('104', '34', '22', '12.210');
INSERT INTO `user_profile` VALUES ('105', '35', '23', '12.210');
INSERT INTO `user_profile` VALUES ('106', '36', '24', '12.210');
INSERT INTO `user_profile` VALUES ('107', '37', '25', '12.210');
INSERT INTO `user_profile` VALUES ('108', '38', '26', '12.210');
INSERT INTO `user_profile` VALUES ('109', '39', '27', '12.210');
INSERT INTO `user_profile` VALUES ('110', '40', '28', '12.210');
INSERT INTO `user_profile` VALUES ('111', '41', '29', '12.210');
INSERT INTO `user_profile` VALUES ('112', '42', '30', '12.210');
INSERT INTO `user_profile` VALUES ('113', '43', '31', '12.210');
INSERT INTO `user_profile` VALUES ('114', '44', '32', '12.210');
INSERT INTO `user_profile` VALUES ('115', '45', '33', '12.210');
INSERT INTO `user_profile` VALUES ('116', '46', '34', '12.210');
INSERT INTO `user_profile` VALUES ('117', '47', '35', '12.210');
INSERT INTO `user_profile` VALUES ('118', '48', '36', '12.210');
INSERT INTO `user_profile` VALUES ('119', '49', '37', '12.210');
INSERT INTO `user_profile` VALUES ('120', '50', '38', '12.210');
INSERT INTO `user_profile` VALUES ('121', '51', '39', '12.210');
INSERT INTO `user_profile` VALUES ('122', '52', '40', '12.210');
INSERT INTO `user_profile` VALUES ('123', '53', '41', '12.210');
INSERT INTO `user_profile` VALUES ('124', '54', '42', '12.210');
INSERT INTO `user_profile` VALUES ('125', '55', '43', '12.210');
INSERT INTO `user_profile` VALUES ('126', '56', '44', '12.210');
INSERT INTO `user_profile` VALUES ('127', '57', '45', '12.210');
INSERT INTO `user_profile` VALUES ('128', '58', '46', '12.210');
INSERT INTO `user_profile` VALUES ('129', '59', '47', '12.210');
INSERT INTO `user_profile` VALUES ('130', '60', '48', '12.210');
INSERT INTO `user_profile` VALUES ('131', '61', '49', '12.210');
INSERT INTO `user_profile` VALUES ('132', '62', '50', '12.210');
INSERT INTO `user_profile` VALUES ('133', '63', '51', '12.210');
INSERT INTO `user_profile` VALUES ('134', '64', '52', '12.210');
INSERT INTO `user_profile` VALUES ('135', '65', '53', '12.210');
INSERT INTO `user_profile` VALUES ('136', '66', '54', '12.210');
INSERT INTO `user_profile` VALUES ('137', '67', '55', '12.210');
INSERT INTO `user_profile` VALUES ('138', '68', '56', '12.210');
INSERT INTO `user_profile` VALUES ('139', '69', '57', '12.210');
INSERT INTO `user_profile` VALUES ('140', '70', '58', '12.210');
INSERT INTO `user_profile` VALUES ('141', '71', '59', '12.210');
INSERT INTO `user_profile` VALUES ('142', '72', '60', '12.210');
INSERT INTO `user_profile` VALUES ('143', '73', '61', '12.210');
INSERT INTO `user_profile` VALUES ('144', '74', '62', '12.210');
INSERT INTO `user_profile` VALUES ('145', '75', '63', '12.210');
INSERT INTO `user_profile` VALUES ('146', '76', '64', '12.210');
INSERT INTO `user_profile` VALUES ('147', '77', '65', '12.210');
INSERT INTO `user_profile` VALUES ('148', '78', '66', '12.210');
INSERT INTO `user_profile` VALUES ('149', '79', '67', '12.210');
INSERT INTO `user_profile` VALUES ('150', '80', '68', '12.210');
INSERT INTO `user_profile` VALUES ('151', '81', '69', '12.210');
INSERT INTO `user_profile` VALUES ('152', '82', '70', '12.210');
INSERT INTO `user_profile` VALUES ('153', '83', '71', '12.210');
INSERT INTO `user_profile` VALUES ('154', '84', '72', '12.210');
INSERT INTO `user_profile` VALUES ('155', '85', '73', '12.210');
INSERT INTO `user_profile` VALUES ('156', '86', '74', '12.210');
INSERT INTO `user_profile` VALUES ('157', '87', '75', '12.210');
INSERT INTO `user_profile` VALUES ('158', '88', '76', '12.210');
INSERT INTO `user_profile` VALUES ('159', '89', '77', '12.210');
INSERT INTO `user_profile` VALUES ('160', '90', '78', '12.210');
INSERT INTO `user_profile` VALUES ('161', '91', '79', '12.210');
INSERT INTO `user_profile` VALUES ('162', '92', '80', '12.210');
INSERT INTO `user_profile` VALUES ('163', '93', '81', '12.210');
INSERT INTO `user_profile` VALUES ('164', '94', '82', '12.210');
INSERT INTO `user_profile` VALUES ('165', '95', '83', '12.210');
INSERT INTO `user_profile` VALUES ('166', '96', '84', '12.210');
INSERT INTO `user_profile` VALUES ('167', '97', '85', '12.210');
INSERT INTO `user_profile` VALUES ('168', '98', '86', '12.210');
INSERT INTO `user_profile` VALUES ('169', '99', '87', '12.210');
INSERT INTO `user_profile` VALUES ('170', '100', '88', '12.210');
INSERT INTO `user_profile` VALUES ('171', '101', '89', '12.210');
INSERT INTO `user_profile` VALUES ('172', '102', '90', '12.210');
INSERT INTO `user_profile` VALUES ('173', '103', '91', '12.210');
INSERT INTO `user_profile` VALUES ('174', '104', '92', '12.210');
INSERT INTO `user_profile` VALUES ('175', '105', '93', '12.210');
INSERT INTO `user_profile` VALUES ('176', '106', '94', '12.210');
INSERT INTO `user_profile` VALUES ('177', '107', '95', '12.210');
INSERT INTO `user_profile` VALUES ('178', '108', '96', '12.210');
INSERT INTO `user_profile` VALUES ('179', '109', '97', '12.210');
